base,Parcelas,grid,species,type
IC,1A,open,Tayassu pecari,Ungulate
IC,1A,open,Rat,SmallRodent
IC,1A,open,Tayassu pecari,Ungulate
IC,1A,open,Metachirus nudicaudatus,Marsupial
IC,1A,open,Mazama spp,Ungulate
IC,1A,open,Tayassu pecari,Ungulate
IC,1A,open,Tayassu pecari,Ungulate
IC,2A,open,Rat,SmallRodent
IC,2A,open,Rat,SmallRodent
IC,2A,open,Rat,SmallRodent
IC,2A,open,Rat,SmallRodent
IC,2A,open,Rat,SmallRodent
IC,2A,open,Rat,SmallRodent
IC,2A,open,Rat,SmallRodent
IC,2A,open,Rat,SmallRodent
IC,2A,open,Rat,SmallRodent
IC,2A,open,Rat,SmallRodent
IC,2A,open,Rat,SmallRodent
IC,2A,open,Rat,SmallRodent
IC,2A,open,Rat,SmallRodent
IC,2F,close,Didelphis albiventris,Marsupial
IC,2A,open,Didelphis spp,Marsupial
IC,2A,open,Tayassu pecari,Ungulate
IC,2A,open,Tayassu pecari,Ungulate
IC,2A,open,Tayassu pecari,Ungulate
IC,2A,open,Tayassu pecari,Ungulate
IC,2A,open,Tayassu pecari,Ungulate
IC,2A,open,Tayassu pecari,Ungulate
IC,2A,open,Mazama spp,Ungulate
IC,2F,close,Rat,Rodent
IC,3F,close,marsupial,marsupial
IC,3A,open,Rat,SmallRodent
IC,3A,open,Didelphis albiventris,Marsupial
IC,3A,open,Rat,SmallRodent
IC,3A,open,Rat,SmallRodent
IC,3A,open,Mazama americana,Ungulate
IC,3A,open,Mazama americana,Ungulate
IC,3A,open,Mazama americana,Ungulate
IC,3A,open,Rat,SmallRodent
IC,3A,open,Tayassu pecari,Ungulate
IC,3A,open,Tayassu pecari,Ungulate
IC,3A,open,Tayassu pecari,Ungulate
IC,3A,open,Tayassu pecari,Ungulate
IC,3A,open,Tayassu pecari,Ungulate
IC,3A,open,Tayassu pecari,Ungulate
IC,3A,open,Tayassu pecari,Ungulate
IC,3A,open,Rat,SmallRodent
IC,3A,open,Rat,SmallRodent
IC,3A,open,Rat,SmallRodent
IC,3A,open,Rat,SmallRodent
IC,3A,open,Mazama americana,Ungulate
IC,3A,open,Mazama americana,Ungulate
IC,3A,open,Mazama americana,Ungulate
IC,3A,open,Rat,SmallRodent
IC,3A,open,Mazama americana,Ungulate
IC,3A,open,Didelphis albiventris,Marsupial
IC,3A,open,Didelphis albiventris,Marsupial
IC,3A,open,Rat,SmallRodent
IC,3A,open,Rat,SmallRodent
IC,3A,open,Tayassu pecari,Ungulate
IC,3A,open,Tayassu pecari,Ungulate
IC,3A,open,Rat,SmallRodent
IC,3A,open,Rat,SmallRodent
IC,3A,open,Rat,SmallRodent
IC,3A,open,Rat,SmallRodent
IC,3A,open,Rat,SmallRodent
IC,3A,open,Tayassu pecari,Ungulate
IC,3A,open,Rat,SmallRodent
IC,3A,open,Didelphis spp,Marsupial
IC,3A,open,Tayassu pecari,Ungulate
IC,3A,open,Tayassu pecari,Ungulate
IC,3A,open,Tayassu pecari,Ungulate
IC,3A,open,Tayassu pecari,Ungulate
IC,3A,open,Tayassu pecari,Ungulate
IC,3A,open,Tayassu pecari,Ungulate
IC,3A,open,Tayassu pecari,Ungulate
IC,3A,open,Tayassu pecari,Ungulate
IC,3A,open,Tayassu pecari,Ungulate
IC,3A,open,Tayassu pecari,Ungulate
IC,3A,open,Tayassu pecari,Ungulate
IC,3A,open,Tayassu pecari,Ungulate
IC,3A,open,Tayassu pecari,Ungulate
IC,3A,open,Tayassu pecari,Ungulate
IC,3A,open,Tayassu pecari,Ungulate
IC,3A,open,Tayassu pecari,Ungulate
IC,3A,open,Tayassu pecari,Ungulate
IC,3A,open,Didelphis aurita,Marsupial
IC,3A,open,Tayassu pecari,Ungulate
IC,3A,open,Tayassu pecari,Ungulate
IC,3A,open,Tayassu pecari,Ungulate
IC,3A,open,Tayassu pecari,Ungulate
IC,3A,open,Tayassu pecari,Ungulate
IC,3A,open,Tayassu pecari,Ungulate
IC,3A,open,Tayassu pecari,Ungulate
IC,3A,open,Tayassu pecari,Ungulate
IC,3A,open,Tayassu pecari,Ungulate
IC,3A,open,Tayassu pecari,Ungulate
IC,3A,open,Tayassu pecari,Ungulate
IC,3A,open,Tayassu pecari,Ungulate
IC,3A,open,Tayassu pecari,Ungulate
IC,3A,open,Tayassu pecari,Ungulate
IC,3A,open,Didelphis aurita,Marsupial
IC,3A,open,Tayassu pecari,Ungulate
IC,3A,open,Tayassu pecari,Ungulate
IC,3A,open,Tayassu pecari,Ungulate
IC,3A,open,Tayassu pecari,Ungulate
IC,3A,open,Tayassu pecari,Ungulate
IC,3A,open,Tayassu pecari,Ungulate
IC,3A,open,Tayassu pecari,Ungulate
IC,3A,open,Tayassu pecari,Ungulate
IC,3A,open,Tayassu pecari,Ungulate
IC,3A,open,Tayassu pecari,Ungulate
IC,3A,open,Tayassu pecari,Ungulate
IC,3A,open,Didelphis aurita,Marsupial
IC,3A,open,Tayassu pecari,Ungulate
IC,3A,open,Tayassu pecari,Ungulate
IC,3A,open,Tayassu pecari,Ungulate
IC,3F,close,Didelphis aurita,Marsupial
IC,3F,close,Didelphis aurita,Marsupial
IC,3F,close,Didelphis aurita,Marsupial
IC,3F,close,Rat,Rodent
IC,3F,close,Didelphis aurita,Marsupial
IC,3F,close,Didelphis aurita,Marsupial
IC,3F,close,Didelphis aurita,Marsupial
IC,3F,close,Didelphis aurita,Marsupial
IC,3F,close,Didelphis aurita,Marsupial
IC,3F,close,Didelphis aurita,Marsupial
IC,3F,close,Didelphis aurita,Marsupial
IC,3F,close,Didelphis aurita,Marsupial
IC,3F,close,Rat?,Rodent
IC,3F,close,Rat?,Rodent
IC,3F,close,Rat?,Rodent
IC,4A,open,Tayassu pecari,ungulate
IC,4A,open,Mazama spp,ungulate
IC,4A,open,Rat,SmallRodent
IC,4F,close,Rat,SmallRodent
iC,4A,open,Tayassu pecari,Ungulate
iC,4A,open,Rat,Rodent
IC,5F,close,Rat,smallrodent
IC,5A,open,Rat,SmallRodent
IC,5A,open,Rat,SmallRodent
IC,5A,open,Rat,SmallRodent
IC,5A,open,Rat,SmallRodent
IC,5A,open,Rat,SmallRodent
IC,5A,open,Rat,SmallRodent
IC,5A,open,Rat,SmallRodent
IC,5A,open,Rat,SmallRodent
IC,5A,open,Rat,SmallRodent
IC,5A,open,Rat,SmallRodent
IC,5A,open,Leopardus pardalis,Feline
IC,5A,open,Leopardus pardalis,Feline
IC,5A,open,Leopardus pardalis,Feline
IC,5A,open,Leopardus pardalis,Feline
IC,5A,open,Rat,SmallRodent
IC,5A,open,Rat,SmallRodent
IC,5A,open,Mazama americana,Ungulate
IC,5A,open,Tayassu pecari,Ungulate
IC,5A,open,Tayassu pecari,Ungulate
IC,5A,open,Tayassu pecari,Ungulate
IC,5A,open,Tayassu pecari,Ungulate
IC,5A,open,Tayassu pecari,Ungulate
IC,5A,open,Tayassu pecari,Ungulate
IC,5A,open,Tayassu pecari,Ungulate
IC,5A,open,Tayassu pecari,Ungulate
IC,5A,open,Tayassu pecari,Ungulate
IC,5F,close,Metachirus nudicaudatus,Marsupial
IC,5F,close,Metachirus nudicaudatus,Marsupial
IC,6A,open,Tayassu pecari,ungulate
IC,6A,open,Tayassu pecari,ungulate
IC,6A,open,Tayassu pecari,ungulate
IC,6A,open,Tayassu pecari,ungulate
IC,8A,open,Tayassu pecari,ungulate
IC,8A,open,Tayassu pecari,ungulate
IC,8A,open,Tayassu pecari,ungulate
IC,8A,open,Tayassu pecari,ungulate
IC,8A,open,Tayassu pecari,ungulate
IC,8A,open,Tayassu pecari,ungulate
IC,8A,open,Tayassu pecari,ungulate
IC,8A,open,Tayassu pecari,ungulate
IC,8A,open,Tayassu pecari,ungulate
IC,8A,open,Tayassu pecari,ungulate
IC,8A,open,Tayassu pecari,ungulate
IC,8A,open,Rat,SmallRodent
IC,8A,open,Rat,SmallRodent
IC,8A,open,Rat,SmallRodent
IC,8A,open,Tayassu pecari,Ungulate
IC,8A,open,Tayassu pecari,Ungulate
IC,8A,open,Tayassu pecari,Ungulate
IC,8A,open,Tayassu pecari,Ungulate
IC,8A,open,Tayassu pecari,Ungulate
IC,8A,open,Tayassu pecari,Ungulate
IC,8A,open,Tayassu pecari,Ungulate
IC,8A,open,Tayassu pecari,Ungulate
IC,8A,open,Tayassu pecari,Ungulate
IC,8A,open,Tayassu pecari,Ungulate
IC,8A,open,Tayassu pecari,Ungulate
IC,8A,open,Tamandua tetradactyla,Xenartro
IC,8A,open,Tayassu pecari,Ungulate
IC,8A,open,Tayassu pecari,Ungulate
IC,8A,open,Tayassu pecari,Ungulate
IC,8A,open,Tayassu pecari,Ungulate
IC,8A,open,Tayassu pecari,Ungulate
IC,8A,open,Tayassu pecari,Ungulate
IC,8A,open,Tayassu pecari,Ungulate
IC,8A,open,Tayassu pecari,Ungulate
IC,8A,open,Tayassu pecari,Ungulate
IC,9A,open,Rat,SmallRodent
IC,9A,open,Rat,SmallRodent
IC,9A,open,Tayassu pecari,Ungulate
IC,9A,open,Tayassu pecari,Ungulate
IC,9A,open,Tayassu pecari,Ungulate
IC,9A,open,Tayassu pecari,Ungulate
IC,9A,open,Tayassu pecari,Ungulate
IC,9A,open,Tayassu pecari,Ungulate
IC,9A,open,Tayassu pecari,Ungulate
IC,10A,open,Didelphis aurita,Marsupial
IC,10A,open,Didelphis aurita,Marsupial
IC,10A,open,Tayassu pecari,Ungulate
IC,10A,open,Tayassu pecari,Ungulate
IC,10A,open,Tayassu pecari,Ungulate
IC,10A,open,Didelphis aurita,Marsupial
IC,10A,open,Tayassu pecari,Ungulate
IC,10A,open,Tayassu pecari,Ungulate
IC,10A,open,Tayassu pecari,Ungulate
IC,11A,open,Rat,SmallRodent
IC,11A,open,Metachirus nudicaudatus,Marsupial
IC,11A,open,Leopardus tigrinus,Feline
IC,11A,open,Tayassu pecari,Ungulate
IC,11A,open,Rat,SmallRodent
IC,11A,open,Rat,SmallRodent
IC,11A,open,Tayassu pecari,Ungulate
IC,11A,open,Tayassu pecari,Ungulate
IC,11A,open,Tayassu pecari,Ungulate
IC,11A,open,Tayassu pecari,Ungulate
IC,11A,open,Metachirus nudicaudatus,Marsupial
IC,11A,open,Tayassu pecari,Ungulate
IC,11A,open,Tayassu pecari,Ungulate
IC,11A,open,Tayassu pecari,Ungulate
IC,11A,open,Tayassu pecari,Ungulate
IC,11A,open,Cuniculus paca,LargeRodent
IC,11A,open,Tayassu pecari,Ungulate
IC,11A,open,Tayassu pecari,Ungulate
IC,11A,open,Tayassu pecari,Ungulate
IC,11A,open,Tayassu pecari,Ungulate
IC,11A,open,Tayassu pecari,Ungulate
IC,11A,open,Tayassu pecari,Ungulate
IC,11A,open,Tayassu pecari,Ungulate
IC,11A,open,Tayassu pecari,Ungulate
IC,11A,open,Tayassu pecari,Ungulate
IC,11A,open,Tayassu pecari,Ungulate
IC,11A,open,Tayassu pecari,Ungulate
IC,11A,open,Tayassu pecari,Ungulate
IC,11A,open,Dasypus spp,Xenartro
IC,12F,close,NA,NA
IC,12F,close,NA,NA
IC,12F,close,NA,NA
IC,12F,close,NA,NA
IC,12F,close,NA,NA
IC,12F,close,NA,NA
IC,12F,close,NA,NA
IC,12F,close,NA,NA
IC,12F,close,NA,NA
IC,12F,close,NA,NA
IC,12F,close,NA,NA
IC,12F,close,NA,NA
IC,12F,close,NA,NA
IC,12A,open,Tayassu pecari,Ungulate
IC,12A,open,Tayassu pecari,Ungulate
IC,12A,open,Tayassu pecari,Ungulate
IC,12A,open,Tayassu pecari,Ungulate
IC,12A,open,Tayassu pecari,Ungulate
IC,12A,open,Tayassu pecari,Ungulate
IC,12A,open,Tayassu pecari,Ungulate
IC,12A,open,Tayassu pecari,Ungulate
IC,12A,open,Tayassu pecari,Ungulate
IC,12A,open,Tayassu pecari,Ungulate
IC,12A,open,Tayassu pecari,Ungulate
IC,12A,open,Tayassu pecari,Ungulate
IC,12A,open,Tayassu pecari,Ungulate
IC,12F,close,Metachirus nudicaudatus,Marsupial
IC,14A,open,Tayassu pecari,ungulate
IC,14A,open,Tayassu pecari,ungulate
IC,14A,open,Tayassu pecari,ungulate
IC,14A,open,Tayassu pecari,ungulate
IC,14A,open,Tayassu pecari,ungulate
IC,14A,open,Tayassu pecari,ungulate
IC,14A,open,Tayassu pecari,ungulate
IC,14A,open,Tayassu pecari,ungulate
IC,14A,open,Tayassu pecari,ungulate
IC,14A,open,Tayassu pecari,ungulate
IC,14A,open,Tayassu pecari,ungulate
IC,14A,open,Tayassu pecari,ungulate
IC,14A,open,Tayassu pecari,ungulate
IC,14A,open,Tayassu pecari,ungulate
IC,14A,open,Tayassu pecari,ungulate
IC,14A,open,Tayassu pecari,ungulate
IC,14A,open,Tayassu pecari,ungulate
IC,14A,open,Tayassu pecari,ungulate
IC,14A,open,Tayassu pecari,ungulate
IC,14A,open,Tayassu pecari,ungulate
IC,14A,open,Tayassu pecari,ungulate
IC,14A,open,Tayassu pecari,ungulate
IC,14A,open,Tayassu pecari,ungulate
IC,14A,open,Tayassu pecari,ungulate
IC,14A,open,Tayassu pecari,ungulate
IC,14A,open,Tayassu pecari,ungulate
IC,14A,open,Tayassu pecari,ungulate
IC,14A,open,Tayassu pecari,ungulate
IC,14A,open,Tayassu pecari,ungulate
IC,14A,open,Tayassu pecari,ungulate
IC,14A,open,Tayassu pecari,ungulate
IC,14A,open,Tayassu pecari,ungulate
IC,14A,open,Tayassu pecari,ungulate
IC,14A,open,Tayassu pecari,ungulate
IC,14A,open,Tayassu pecari,ungulate
IC,14A,open,Tayassu pecari,ungulate
IC,14A,open,Tayassu pecari,ungulate
IC,14A,open,Tayassu pecari,ungulate
IC,14A,open,Tayassu pecari,ungulate
IC,14A,open,Tayassu pecari,ungulate
IC,14A,open,Tayassu pecari,ungulate
IC,14A,open,Tayassu pecari,ungulate
IC,14A,open,Tayassu pecari,ungulate
IC,14A,open,Tayassu pecari,ungulate
IC,14A,open,Tayassu pecari,ungulate
IC,14A,open,Tayassu pecari,ungulate
IC,14A,open,Tayassu pecari,ungulate
IC,14A,open,Tayassu pecari,ungulate
IC,14A,open,Tayassu pecari,ungulate
IC,14A,open,Tayassu pecari,ungulate
IC,14A,open,Tayassu pecari,ungulate
IC,14A,open,Tayassu pecari,ungulate
IC,14A,open,Tayassu pecari,ungulate
IC,14A,open,Tayassu pecari,ungulate
IC,14A,open,Tayassu pecari,ungulate
IC,14A,open,Tayassu pecari,ungulate
IC,14A,open,Tayassu pecari,ungulate
IC,14A,open,Tayassu pecari,ungulate
IC,14A,open,Tayassu pecari,ungulate
IC,14A,open,Tayassu pecari,ungulate
IC,14A,open,Tayassu pecari,ungulate
IC,14A,open,Tayassu pecari,ungulate
IC,14A,open,Tayassu pecari,ungulate
IC,14A,open,Tayassu pecari,ungulate
IC,14A,open,Tayassu pecari,ungulate
IC,14A,open,Tayassu pecari,ungulate
IC,14A,open,Tayassu pecari,ungulate
IC,14A,open,Tayassu pecari,ungulate
IC,14A,open,Tayassu pecari,ungulate
IC,14A,open,Tayassu pecari,ungulate
IC,14A,open,Tayassu pecari,ungulate
IC,14A,open,Tayassu pecari,ungulate
IC,14A,open,Tayassu pecari,ungulate
IC,14A,open,Tayassu pecari,ungulate
IC,14A,open,Tayassu pecari,ungulate
IC,14A,open,Tayassu pecari,ungulate
IC,14A,open,Tayassu pecari,ungulate
IC,14A,open,Tayassu pecari,ungulate
IC,14A,open,Tayassu pecari,ungulate
IC,14A,open,Tayassu pecari,ungulate
IC,14A,open,Tayassu pecari,ungulate
IC,14A,open,Tayassu pecari,ungulate
IC,14A,open,Tayassu pecari,ungulate
IC,14A,open,Tayassu pecari,ungulate
IC,14A,open,Tayassu pecari,ungulate
IC,14A,open,Tayassu pecari,ungulate
IC,14A,open,Tayassu pecari,ungulate
IC,14A,open,Tayassu pecari,ungulate
IC,14A,open,Tayassu pecari,ungulate
IC,14A,open,Tayassu pecari,ungulate
IC,14A,open,Tayassu pecari,ungulate
IC,14A,open,Tayassu pecari,ungulate
IC,14A,open,Tayassu pecari,ungulate
IC,14A,open,Tayassu pecari,ungulate
IC,14A,open,Tayassu pecari,ungulate
IC,14A,open,Tayassu pecari,ungulate
IC,14A,open,Tayassu pecari,ungulate
IC,14A,open,Tayassu pecari,ungulate
IC,14A,open,Tayassu pecari,ungulate
IC,14A,open,Tayassu pecari,ungulate
IC,14A,open,Tayassu pecari,ungulate
IC,14A,open,Tayassu pecari,ungulate
IC,14A,open,Tayassu pecari,ungulate
IC,14A,open,Tayassu pecari,ungulate
IC,14A,open,Tayassu pecari,ungulate
IC,14A,open,Tayassu pecari,ungulate
IC,14A,open,Tayassu pecari,ungulate
IC,14A,open,Tayassu pecari,ungulate
IC,14A,open,Tayassu pecari,ungulate
IC,14A,open,Tayassu pecari,ungulate
IC,14A,open,Tayassu pecari,ungulate
IC,14A,open,Tayassu pecari,ungulate
IC,14A,open,Tayassu pecari,ungulate
IC,14A,open,Tayassu pecari,ungulate
IC,14A,open,Tayassu pecari,ungulate
IC,14A,open,Tayassu pecari,ungulate
IC,14A,open,Tayassu pecari,ungulate
IC,14A,open,Tayassu pecari,ungulate
IC,14A,open,Tayassu pecari,ungulate
IC,14A,open,Tayassu pecari,ungulate
IC,14A,open,Tayassu pecari,ungulate
IC,14A,open,Tayassu pecari,ungulate
IC,14A,open,Tayassu pecari,ungulate
IC,14A,open,Tayassu pecari,ungulate
IC,14A,open,Tayassu pecari,ungulate
IC,14A,open,Tayassu pecari,ungulate
IC,14A,open,Tayassu pecari,Ungulate
IC,14A,open,Tayassu pecari,Ungulate
IC,14A,open,Tayassu pecari,Ungulate
IC,14A,open,Tayassu pecari,Ungulate
IC,14A,open,Tayassu pecari,Ungulate
IC,14A,open,Tayassu pecari,Ungulate
IC,14A,open,Tayassu pecari,Ungulate
IC,14A,open,Tayassu pecari,Ungulate
IC,14F,close,Rat,Rodent
IC,14F,close,Rat,Rodent
IC,15A,open,Rat,smallrodent
IC,15F,close,Rat,smallrodent
IC,15F,close,Rat,smallrodent
IC,15A,open,marsupial,marsupial
IC,15A,open,Rat,smallrodent
IC,15A,open,Rat,smallrodent
IC,15A,open,Rat,smallrodent
IC,15F,close,Rat,SmallRodent
IC,15A,open,Puma concolor,Feline
IC,15A,open,Rat,SmallRodent
IC,15A,open,Tayassu pecari,Ungulate
IC,15A,open,Tayassu pecari,Ungulate
IC,15A,open,Tayassu pecari,Ungulate
IC,15A,open,Tayassu pecari,Ungulate
IC,15A,open,Tayassu pecari,Ungulate
IC,15A,open,Tayassu pecari,Ungulate
IC,15A,open,Tayassu pecari,Ungulate
IC,15A,open,Tayassu pecari,Ungulate
IC,15A,open,Tayassu pecari,Ungulate
IC,15A,open,Tayassu pecari,Ungulate
IC,15A,open,Tayassu pecari,Ungulate
IC,15A,open,Tayassu pecari,Ungulate
IC,15A,open,Tayassu pecari,Ungulate
IC,15A,open,Tayassu pecari,Ungulate
IC,15A,open,Tayassu pecari,Ungulate
IC,15A,open,Tayassu pecari,Ungulate
IC,15A,open,Tayassu pecari,Ungulate
IC,15A,open,Tayassu pecari,Ungulate
IC,15A,open,Tayassu pecari,Ungulate
IC,15A,open,Cuniculus paca,LargeRodent
IC,15A,open,Tayassu pecari,Ungulate
IC,15A,open,Tayassu pecari,Ungulate
IC,15A,open,Tayassu pecari,Ungulate
IC,15A,open,Tayassu pecari,Ungulate
IC,15A,open,Tayassu pecari,Ungulate
IC,15A,open,Tayassu pecari,Ungulate
IC,15A,open,Cuniculus paca,LargeRodent
IC,15A,open,Tayassu pecari,Ungulate
IC,15A,open,Tayassu pecari,Ungulate
IC,15A,open,Tayassu pecari,Ungulate
IC,15A,open,Tayassu pecari,Ungulate
IC,15A,open,Tayassu pecari,Ungulate
IC,15A,open,Tayassu pecari,Ungulate
IC,15A,open,Tayassu pecari,Ungulate
IC,15A,open,Tayassu pecari,Ungulate
IC,15A,open,Tayassu pecari,Ungulate
IC,15A,open,Tayassu pecari,Ungulate
IC,15A,open,Tayassu pecari,Ungulate
IC,15A,open,Tayassu pecari,Ungulate
IC,15A,open,Tayassu pecari,Ungulate
IC,15A,open,Tayassu pecari,Ungulate
IC,15A,open,Tayassu pecari,Ungulate
IC,15A,open,Tayassu pecari,Ungulate
IC,15A,open,Tayassu pecari,Ungulate
IC,15A,open,Tayassu pecari,Ungulate
IC,15A,open,Tayassu pecari,Ungulate
IC,15A,open,Tayassu pecari,Ungulate
IC,15A,open,Tayassu pecari,Ungulate
IC,15A,open,Tayassu pecari,Ungulate
IC,15A,open,Tayassu pecari,Ungulate
IC,15A,open,Tayassu pecari,Ungulate
IC,15A,open,Tayassu pecari,Ungulate
IC,15A,open,Tayassu pecari,Ungulate
IC,15A,open,Tayassu pecari,Ungulate
IC,15A,open,Tayassu pecari,Ungulate
IC,15A,open,Tayassu pecari,Ungulate
IC,15A,open,Tayassu pecari,Ungulate
IC,15A,open,Tayassu pecari,Ungulate
IC,15A,open,Tayassu pecari,Ungulate
IC,15A,open,Tayassu pecari,Ungulate
IC,15A,open,Tayassu pecari,Ungulate
IC,15A,open,Tayassu pecari,Ungulate
IC,15A,open,Tayassu pecari,Ungulate
IC,15A,open,Tayassu pecari,Ungulate
IC,15A,open,Tayassu pecari,Ungulate
IC,15A,open,Tayassu pecari,Ungulate
IC,15A,open,Tayassu pecari,Ungulate
IC,15A,open,Tayassu pecari,Ungulate
IC,15A,open,Tayassu pecari,Ungulate
IC,15A,open,Tayassu pecari,Ungulate
IC,15A,open,Tayassu pecari,Ungulate
IC,15A,open,Tayassu pecari,Ungulate
IC,15A,open,Tayassu pecari,Ungulate
CB,11A,Open,Metachirus nudicaudatus,marsupial
CB,11A,Open,Tapirus terrestris,ungulate
CB,11A,Open,Metachirus nudicaudatus,marsupial
CB,11A,Open,Tapirus terrestris,ungulate
CB,11A,Open,Tapirus terrestris,ungulate
CB,11A,Open,Metachirus nudicaudatus,marsupial
CB,11A,Open,Metachirus nudicaudatus,marsupial
CB,11A,Open,Metachirus nudicaudatus,marsupial
CB,11A,Open,Euryoryzomys russatus,Rodent
CB,11A,Open,Akodon,Rodent
CB,12A,open,Dasypus novemcinctus,mesopredator
CB,12A,open,Metachirus nudicaudatus,marsupial
CB,12A,open,Marmosops incanus,marsupial
CB,12A,open,Metachirus nudicaudatus,marsupial
CB,12A,open,Metachirus nudicaudatus,marsupial
CB,12A,open,Metachirus nudicaudatus,marsupial
CB,12A,open,Euryoryzomys russatus,Rodent
CB,12A,open,Metachirus nudicaudatus,marsupial
CB,12F,close,Euryoryzomys russatus,Rodent
CB,12F,Closed,marsupial,marsupial
CB,14A,open,Metachirus nudicaudatus,marsupial
CB,14A,open,Metachirus nudicaudatus,marsupial
CB,14A,Open,Cuniculus paca,largerodent
CB,14A,Open,Cuniculus paca,largerodent
CB,14A,Open,Cuniculus paca,largerodent
CB,14A,open,Marmosops incanus,marsupial
CB,14A,open,Metachirus nudicaudatus,marsupial
CB,14A,open,Tamandua tetradactyla,insetivore
CB,14A,open,Tamandua tetradactyla,insetivore
CB,14A,Open,Cuniculus paca,largerodent
CB,14A,Open,Cuniculus paca,largerodent
CB,14A,Open,Cuniculus paca,largerodent
CB,14A,Open,Cuniculus paca,largerodent
CB,14A,Open,Cuniculus paca,largerodent
CB,14A,open,Tapirus terrestris,ungulate
CB,14A,open,Tapirus terrestris,ungulate
CB,14A,open,Tapirus terrestris,ungulate
CB,14A,open,Tapirus terrestris,ungulate
CB,14F,close,Rat,smallrodent
CB,15A,open,Cuniculus paca,largerodent
CB,15A,open,marsupial,marsupial
CB,15A,open,marsupial,marsupial
CB,15A,open,marsupial,marsupial
CB,15A,open,Cuniculus paca,largerodent
CB,15A,open,Cuniculus paca,largerodent
CB,15A,open,Cuniculus paca,largerodent
CB,15A,open,Cuniculus paca,largerodent
CB,15A,open,Cuniculus paca,largerodent
CB,15A,open,Marmosops incanus,marsupial
CB,15A,open,Cuniculus paca,largerodent
CB,15F,close,Marmosops incanus,marsupial
CB,15F,close,Marmosops incanus,marsupial
CB,15F,close,Marmosops incanus,marsupial
CB,1A,open,Metachirus nudicaudatus,marsupial
CB,1A,open,Trinomys spp,Rodent
CB,1A,open,Metachirus nudicaudatus,marsupial
CB,1A,open,Marmosops incanus,marsupial
CB,1A,open,Trinomys spp,Rodent
CB,1A,open,Cuniculus paca,largerodent
CB,1A,open,Metachirus nudicaudatus,marsupial
CB,1A,open,Trinomys spp,Rodent
CB,1A,open,Metachirus nudicaudatus,marsupial
CB,1A,open,Metachirus nudicaudatus,marsupial
CB,1A,open,Rat,smallrodent
CB,1A,open,Euryoryzomys russatus,Rodent
CB,1A,open,Marsupial,Marsupial
CB,1A,open,Metachirus nudicaudatus,smallmammal
CB,1A,open,Trinomys spp,Rodent
CB,1F,close,marsupial,marsupial
CB,2A,open,Cuniculus paca,largerodent
CB,2A,open,Cuniculus paca,largerodent
CB,2A,open,Cuniculus paca,largerodent
CB,2A,open,Cuniculus paca,largerodent
CB,2A,open,Cuniculus paca,largerodent
CB,2A,open,Mazama spp,ungulate
CB,2A,open,Cuniculus paca,largerodent
CB,2A,open,Cuniculus paca,largerodent
CB,2A,open,Cuniculus paca,largerodent
CB,2A,open,Cuniculus paca,largerodent
CB,2A,open,Cuniculus paca,largerodent
CB,2A,open,Cuniculus paca,largerodent
CB,2A,open,Cuniculus paca,largerodent
CB,2A,open,Cuniculus paca,largerodent
CB,2A,open,Cuniculus paca,largerodent
CB,2A,open,Cuniculus paca,largerodent
CB,2A,open,Tamandua tetradactyla,insetivore
CB,2A,open,Cuniculus paca,largerodent
CB,2A,open,Cuniculus paca,largerodent
CB,2A,open,Cuniculus paca,largerodent
CB,2A,open,Cuniculus paca,largerodent
CB,2A,open,Cuniculus paca,largerodent
CB,2A,open,Cuniculus paca,largerodent
CB,2A,open,Cuniculus paca,largerodent
CB,2A,open,Cuniculus paca,largerodent
CB,2A,open,Cuniculus paca,largerodent
CB,2A,open,Cuniculus paca,largerodent
CB,2A,open,Cuniculus paca,largerodent
CB,2A,open,Cuniculus paca,largerodent
CB,2A,open,Cuniculus paca,largerodent
CB,2A,open,Cuniculus paca,largerodent
CB,2A,open,Cuniculus paca,largerodent
CB,2A,open,Cuniculus paca,largerodent
CB,2A,open,Cuniculus paca,largerodent
CB,2A,open,Cuniculus paca,largerodent
CB,2A,open,Cuniculus paca,largerodent
CB,2A,open,marsupial,marsupial
CB,2A,open,Cuniculus paca,largerodent
CB,2F,close,Euryoryzomys russatus,Rodent
CB,4A,open,Trinomys spp,Rodent
CB,4A,open,Trinomys spp,Rodent
CB,4A,open,oligoryzomys spp,Rodent
CB,4F,close,Dasyprocta leporina,mediumrodent
CB,4F,close,Dasyprocta leporina,mediumrodent
CB,5F,close,Euryoryzomys russatus,Rodent
CB,6A,open,Mazama spp,ungulate
CB,9A,open,Sciurus ingrami,smallrodent
CB,9A,open,Sciurus ingrami,smallrodent
CB,9A,open,Sciurus ingrami,smallrodent
CB,9A,open,Cuniculus paca,largerodent
CB,9A,open,Sciurus ingrami,smallrodent
CB,9A,open,Sciurus ingrami,smallrodent
CB,9A,open,Sciurus ingrami,smallrodent
CB,9A,open,Sciurus ingrami,smallrodent
CB,9A,open,Sciurus ingrami,smallrodent
CB,9F,close,Didelphis aurita,marsupial
CB,11F,Closed,Sciurus ingrami,Rodent
CB,11F,Closed,Sciurus ingrami,Rodent
CB,11F,close,Akodon,Rodent
CB,11F,Closed,Sciurus ingrami,smallrodent
CB,11F,Closed,Sciurus ingrami,smallrodent
CB,11F,Closed,Sciurus ingrami,smallrodent
CB,11F,Closed,Sciurus ingrami,smallrodent
CB,11F,Closed,Sciurus ingrami,smallrodent
CB,11F,Closed,Sciurus ingrami,smallrodent
CB,11F,Closed,Sciurus ingrami,smallrodent
CB,11F,Closed,Sciurus ingrami,smallrodent
CB,11F,Closed,Sciurus ingrami,smallrodent
CB,11F,Closed,Sciurus ingrami,smallrodent
CB,11F,Closed,Sciurus ingrami,smallrodent
CB,11F,Closed,Sciurus ingrami,smallrodent
CB,11F,Closed,Sciurus ingrami,smallrodent
CB,11F,Closed,Sciurus ingrami,smallrodent
CB,11F,close,Trinomys spp,Rodent
CB,9F,close,Sciurus ingrami,smallrodent
CB,9F,close,Marmosops incanus,marsupial
CB,9F,close,Marmosops incanus,marsupial
CB,9F,close,Sciurus ingrami,smallrodent
CB,11A,Open,Metachirus nudicaudatus,marsupial
CB,14F,Closed,Metachirus nudicaudatus,Marsupial
CB,14F,Closed,Didelphis albiventris,Marsupial
CB,14F,Closed,Metachirus nudicaudatus,Marsupial
CB,12A,Open,Mazama americana,Unguluate
CB,12A,Open,Mazama americana,Unguluate
CB,12A,Open,Mazama americana,Unguluate
CB,12A,Open,Myrmecophaga tridactyla,Xenartro
CB,6A,Open,Metachirus nudicaudatus,Marsupial
CB,6A,Open,Mazama americana,Unguluate
CB,6A,Open,Mazama americana,Unguluate
CB,6A,Open,Mazama americana,Unguluate
CB,6A,Open,Mazama americana,Unguluate
CB,9F,Closed,Metachirus nudicaudatus,Marsupial
CB,11A,Open,Sciurus ingrami,Rodent
CB,11A,Open,Sciurus ingrami,Rodent
CB,11A,Open,Sciurus ingrami,Rodent
CB,11A,Open,Sciurus ingrami,Rodent
CB,11A,Open,Sciurus ingrami,Rodent
CB,11A,Open,Sciurus ingrami,Rodent
CB,11A,Open,Sciurus ingrami,Rodent
CB,11A,Open,Sciurus ingrami,Rodent
CB,11A,Open,Sciurus ingrami,Rodent
CB,11A,Open,Sciurus ingrami,Rodent
CB,11A,Open,Sciurus ingrami,Rodent
CB,11A,Open,Tapirus terrestris,Unguluate
CB,11A,Open,Tapirus terrestris,Unguluate
CB,11A,Open,Tapirus terrestris,Unguluate
CB,11A,Open,Tapirus terrestris,Unguluate
CB,11A,Open,Tapirus terrestris,Unguluate
CB,11A,Open,Tapirus terrestris,Unguluate
CB,11A,Open,Tapirus terrestris,Unguluate
CB,11A,Open,Tapirus terrestris,Unguluate
CB,11A,Open,Metachirus nudicaudatus,Marsupial
CB,11A,Open,Metachirus nudicaudatus,Marsupial
CB,11A,Open,Tapirus terrestris,Unguluate
CB,11A,Open,Tapirus terrestris,Unguluate
CB,11A,Open,Tapirus terrestris,Unguluate
CB,11A,Open,Tapirus terrestris,Unguluate
CB,11A,Open,Trinomys spp,Rodent
CB,11A,Open,Trinomys spp,Rodent
CB,11A,Open,Tapirus terrestris,Unguluate
CB,11A,Open,Tapirus terrestris,Unguluate
CB,11A,Open,Tapirus terrestris,Unguluate
CB,11A,Open,Tapirus terrestris,Unguluate
CB,11A,Open,Tapirus terrestris,Unguluate
CB,11A,Open,Tapirus terrestris,Unguluate
CB,11A,Open,Tapirus terrestris,Unguluate
CB,11A,Open,Tapirus terrestris,Unguluate
CB,11A,Open,Tapirus terrestris,Unguluate
CB,11A,Open,Tapirus terrestris,Unguluate
CB,11A,Open,Tapirus terrestris,Unguluate
CB,11A,Open,Tapirus terrestris,Unguluate
CB,11A,Open,Tapirus terrestris,Unguluate
CB,11A,Open,Tapirus terrestris,Unguluate
CB,11A,Open,Tapirus terrestris,Unguluate
CB,11A,Open,Tapirus terrestris,Unguluate
CB,11A,Open,Tapirus terrestris,Unguluate
CB,11A,Open,Tapirus terrestris,Unguluate
CB,11A,Open,Tapirus terrestris,Unguluate
CB,11A,Open,Tapirus terrestris,Unguluate
CB,11A,Open,Tapirus terrestris,Unguluate
CB,11A,Open,Tapirus terrestris,Unguluate
CB,11A,Open,Tapirus terrestris,Unguluate
CB,11A,Open,Tapirus terrestris,Unguluate
CB,11A,Open,Tapirus terrestris,Unguluate
CB,11A,Open,Tapirus terrestris,Unguluate
CB,12F,Closed,Metachirus nudicaudatus,Marsupial
CB,12F,Closed,Metachirus nudicaudatus,Marsupial
CB,12F,Closed,Metachirus nudicaudatus,Marsupial
CB,12F,Closed,Metachirus nudicaudatus,Marsupial
CB,12F,Closed,Metachirus nudicaudatus,Marsupial
CB,12F,Closed,Metachirus nudicaudatus,Marsupial
CB,12F,Closed,Metachirus nudicaudatus,Marsupial
CB,11F,Closed,Sciurus ingrami,Rodent
CB,6F,Closed,Metachirus nudicaudatus,Marsupial
CB,5A,Open,Metachirus nudicaudatus,Marsupial
CB,5A,Open,Metachirus nudicaudatus,Marsupial
CB,5A,Open,Metachirus nudicaudatus,Marsupial
CB,5A,Open,Tapirus terrestris,Unguluate
CB,5A,Open,Cuniculus paca,Largerodent
CB,5A,Open,Cuniculus paca,Largerodent
CB,5A,Open,Metachirus nudicaudatus,Marsupial
CB,5A,Open,Metachirus nudicaudatus,Marsupial
CB,5A,Open,Metachirus nudicaudatus,Marsupial
CB,4A,Open,Metachirus nudicaudatus,Marsupial
CB,4A,Open,Sciurus ingrami,Rodent
CB,4A,Open,Sciurus ingrami,Rodent
CB,4A,Open,Sciurus ingrami,Rodent
CB,4A,Open,NA,smallmammal
CB,4A,Open,NA,smallmammal
CB,14A,Open,Cuniculus paca,Largerodent
CB,14A,Open,Cuniculus paca,Largerodent
CB,14A,Open,Mazama americana,Unguluate
CB,14A,Open,Mazama americana,Unguluate
CB,14A,Open,Mazama americana,Unguluate
CB,14A,Open,Mazama americana,Unguluate
CB,14A,Open,Mazama americana,Unguluate
CB,14A,Open,Mazama americana,Unguluate
CB,14A,Open,Mazama americana,Unguluate
CB,14A,Open,Mazama americana,Unguluate
CB,14A,Open,Mazama americana,Unguluate
CB,14A,Open,Mazama americana,Unguluate
CB,14A,Open,Mazama americana,Unguluate
CB,14A,Open,Mazama americana,Unguluate
CB,14A,Open,Mazama americana,Unguluate
CB,14A,Open,Mazama americana,Unguluate
CB,14A,Open,Mazama americana,Unguluate
CB,14A,Open,Mazama americana,Unguluate
CB,14A,Open,Mazama americana,Unguluate
CB,14A,Open,Mazama americana,Unguluate
CB,14A,Open,Cuniculus paca,Largerodent
CB,14A,Open,Cuniculus paca,Largerodent
CB,14A,Open,Cuniculus paca,Largerodent
CB,14A,Open,Sciurus ingrami,Rodent
CB,14A,Open,Sciurus ingrami,Rodent
CB,2A,Open,Cuniculus paca,Largerodent
CB,2A,Open,Cuniculus paca,Largerodent
CB,2A,Open,Cuniculus paca,Largerodent
CB,2A,Open,Cuniculus paca,Largerodent
CB,2A,Open,Cuniculus paca,Largerodent
CB,2A,Open,Cuniculus paca,Largerodent
CB,2A,Open,Cuniculus paca,Largerodent
CB,2A,Open,Cuniculus paca,Largerodent
CB,2A,Open,Cuniculus paca,Largerodent
CB,2A,Open,Cuniculus paca,Largerodent
CB,2A,Open,Cuniculus paca,Largerodent
CB,2A,Open,Tapirus terrestris,Unguluate
CB,2A,Open,Tapirus terrestris,Unguluate
CB,2A,Open,Tapirus terrestris,Unguluate
CB,2A,Open,Tapirus terrestris,Unguluate
CB,2A,Open,Tapirus terrestris,Unguluate
CB,2A,Open,Tapirus terrestris,Unguluate
CB,2A,Open,Tapirus terrestris,Unguluate
CB,2A,Open,Tapirus terrestris,Unguluate
CB,2A,Open,Mazama americana,Unguluate
CB,2A,Open,Mazama americana,Unguluate
CB,2A,Open,Mazama americana,Unguluate
CB,2A,Open,Mazama americana,Unguluate
CB,2A,Open,Cuniculus paca,Largerodent
CB,2A,Open,Cuniculus paca,Largerodent
CB,2A,Open,Cuniculus paca,Largerodent
CB,2A,Open,Cuniculus paca,Largerodent
CB,2A,Open,Cuniculus paca,Largerodent
CB,2A,Open,Cuniculus paca,Largerodent
CB,2A,Open,Cuniculus paca,Largerodent
CB,2A,Open,Cuniculus paca,Largerodent
CB,2A,Open,Cuniculus paca,Largerodent
CB,2A,Open,Cuniculus paca,Largerodent
CB,2A,Open,Cuniculus paca,Largerodent
CB,2A,Open,Cuniculus paca,Largerodent
CB,2A,Open,Tapirus terrestris,Unguluate
CB,2A,Open,Tapirus terrestris,Unguluate
CB,2A,Open,Tapirus terrestris,Unguluate
CB,2A,Open,Tapirus terrestris,Unguluate
CB,2A,Open,Tapirus terrestris,Unguluate
CB,9A,Open,Sciurus ingrami,Rodent
CB,9A,Open,Sciurus ingrami,Rodent
CB,9A,Open,Sciurus ingrami,Rodent
CB,9A,Open,Sciurus ingrami,Rodent
CB,9A,Open,Sciurus ingrami,Rodent
CB,9A,Open,Sciurus ingrami,Rodent
CB,9A,Open,Marsupial,Marsupial
CB,9A,Open,Metachirus nudicaudatus,Marsupial
CB,9A,Open,Myrmecophaga tridactyla,Xenatro
CB,9A,Open,Myrmecophaga tridactyla,Xenatro
CB,9A,Open,Myrmecophaga tridactyla,Xenatro
CB,9A,Open,Myrmecophaga tridactyla,Xenatro
CB,9A,Open,Myrmecophaga tridactyla,Xenatro
CB,9A,Open,Myrmecophaga tridactyla,Xenatro
CB,9A,Open,Myrmecophaga tridactyla,Xenatro
CB,9A,Open,Myrmecophaga tridactyla,Xenatro
CB,9A,Open,Myrmecophaga tridactyla,Xenatro
CB,15A,Open,Tapirus terrestris,Unguluate
CB,15A,Open,Tapirus terrestris,Unguluate
CB,15A,Open,Tapirus terrestris,Unguluate
CB,15A,Open,Tapirus terrestris,Unguluate
CB,15A,Open,Tapirus terrestris,Unguluate
CB,15A,Open,Tapirus terrestris,Unguluate
CB,15A,Open,Tapirus terrestris,Unguluate
CB,15A,Open,Tapirus terrestris,Unguluate
CB,15A,Open,Tapirus terrestris,Unguluate
CB,15A,Open,Tapirus terrestris,Unguluate
CB,15A,Open,Tapirus terrestris,Unguluate
CB,15A,Open,Tapirus terrestris,Unguluate
CB,15A,Open,Tapirus terrestris,Unguluate
CB,15A,Open,Tapirus terrestris,Unguluate
CB,15A,Open,Tapirus terrestris,Unguluate
CB,15A,Open,Tapirus terrestris,Unguluate
CB,15A,Open,Tapirus terrestris,Unguluate
CB,15A,Open,Tapirus terrestris,Unguluate
CB,15A,Open,Metachirus nudicaudatus,Marsupial
CB,15A,Open,Metachirus nudicaudatus,Marsupial
CB,15A,Open,Metachirus nudicaudatus,Marsupial
CB,15A,Open,Metachirus nudicaudatus,Marsupial
CB,15A,Open,Metachirus nudicaudatus,Marsupial
CB,15A,Open,Metachirus nudicaudatus,Marsupial
CB,15A,Open,Metachirus nudicaudatus,Marsupial
CB,15A,Open,Tapirus terrestris,Unguluate
CB,15A,Open,Tapirus terrestris,Unguluate
CB,15A,Open,Tapirus terrestris,Unguluate
CB,15A,Open,Tapirus terrestris,Unguluate
CB,1F,Closed,Metachirus nudicaudatus,Marsupial
CB,1F,Closed,Metachirus nudicaudatus,Marsupial
VG,10A,Open,Sciurus ingrami,smallrodent
VG,11A,Open,Cuniculus paca,largerodent
VG,11F,Closed,Rat,smallrodent
VG,12A,open,Leopardus pardalis,Feline
VG,1A,open,Tapirus terrestris,ungulate
VG,1A,open,Tapirus terrestris,ungulate
VG,1A,open,Tapirus terrestris,ungulate
VG,1A,open,Tapirus terrestris,ungulate
VG,1A,open,Rat,smallrodent
VG,1A,open,Rat,smallrodent
VG,1F,Closed,Rat,smallrodent
VG,1F,Closed,Rat,smallrodent
VG,1F,Closed,Rat,smallrodent
VG,4A,open,Didelphis aurita,marsupial
VG,4A,open,Didelphis aurita,marsupial
VG,4A,open,Rat,smallrodent
VG,4A,open,Didelphis aurita,marsupial
VG,4A,open,Didelphis aurita,marsupial
VG,4A,open,Didelphis aurita,marsupial
VG,4A,open,Didelphis aurita,marsupial
VG,4A,open,Didelphis aurita,marsupial
VG,4A,open,Tapirus terrestris,ungulate
VG,4A,open,Tapirus terrestris,ungulate
VG,4A,open,Tapirus terrestris,ungulate
VG,4A,open,Tapirus terrestris,ungulate
VG,4A,open,Tapirus terrestris,ungulate
VG,5A,Open,Pecari tajacu,ungulate
VG,5A,Open,Pecari tajacu,ungulate
VG,5A,Open,Pecari tajacu,ungulate
VG,5A,Open,Pecari tajacu,ungulate
VG,5A,Open,Pecari tajacu,ungulate
VG,5A,Open,Pecari tajacu,ungulate
VG,5A,open,Rat,smallrodent
VG,5A,open,Rat,smallrodent
VG,5A,open,Rat,smallrodent
VG,5A,open,Rat,smallrodent
VG,6F,Closed,Rat,smallrodent
VG,7F,Closed,Rat,smallrodent
VG,7F,Closed,Rat,smallrodent
VG,7F,Closed,Rat,smallrodent
VG,7F,Closed,Rat,smallrodent
VG,8A,open,Rat,smallrodent
VG,8F,Closed,Rat,smallrodent
VG,8F,Closed,Rat,smallrodent
VG,8F,Closed,Rat,smallrodent
VG,8F,Closed,Rat,smallrodent
VG,8F,Closed,Rat,smallrodent
VG,8F,Closed,Rat,smallrodent
VG,9F,Closed,Rat,smallrodent
VG,9F,Closed,Rat,smallrodent
VG,9F,Closed,Rat,smallrodent
VG,9F,Closed,Rat,smallrodent
VG,9F,Closed,Rat,smallrodent
VG,9F,Closed,Rat,smallrodent
VG,P4,Open,Sciurus ingrami,Rodent
VG,P4,Open,Sciurus ingrami,Rodent
VG,P4,Open,Sciurus ingrami,Rodent
VG,P4,Open,Rat,Rodent
VG,P4,Open,Rat,Rodent
VG,P4,Open,Rat,Rodent
VG,P4,Open,Rat,Rodent
VG,P4,Open,Sciurus ingrami,Rodent
VG,P4,Open,Rat,Rodent
VG,P4,Open,Didelphis albiventris,Marsupial
VG,P4,Open,Rat,Rodent
VG,P4,Open,Didelphis albiventris,Marsupial
VG,P4,Open,Didelphis albiventris,Marsupial
VG,P4,Open,Rat,Rodent
VG,P4,Open,Rat,Rodent
VG,P4,Open,Rat,Rodent
VG,P4,Open,Rat,Rodent
VG,P4,Open,Tamandua tetradactyla,Xenartro
VG,P12,Closed,Rat,Rodent
VG,P12,Closed,Rat,Rodent
VG,P12,Closed,Rat,Rodent
VG,P12,Closed,Rat,Rodent
VG,P12,Closed,Rat,Rodent
VG,P12,Closed,Rat,Rodent
VG,P12,Closed,Sciurus ingrami,Rodent
VG,P12,Closed,Rat,Rodent
VG,P12,Closed,Rat,Rodent
VG,P12,Closed,Rat,Rodent
VG,P12,Closed,Rat,Rodent
VG,P12,Closed,Rat,Rodent
VG,P12,Closed,Rat,Rodent
VG,P12,Closed,Rat,Rodent
VG,P12,Closed,Rat,Rodent
VG,P12,Closed,Rat,Rodent
VG,P12,Closed,Rat,Rodent
VG,P12,Closed,Rat,Rodent
VG,P12,Closed,Rat,Rodent
VG,P12,Closed,Rat,Rodent
VG,P12,Closed,Rat,Rodent
VG,P12,Closed,Rat,Rodent
VG,P12,Closed,Rat,Rodent
VG,P12,Closed,Rat,Rodent
VG,P12,Closed,Rat,Rodent
VG,P12,Closed,Rat,Rodent
VG,P12,Closed,Rat,Rodent
VG,P12,Closed,Rat,Rodent
VG,P12,Closed,Rat,Rodent
VG,P12,Closed,Rat,Rodent
VG,P12,Closed,Rat,Rodent
VG,P12,Closed,Rat,Rodent
VG,P12,Closed,Rat,Rodent
VG,P12,Closed,Rat,Rodent
VG,P12,Closed,Rat,Rodent
VG,P12,Closed,Rat,Rodent
VG,P12,Closed,Rat,Rodent
VG,P12,Closed,Rat,Rodent
VG,P12,Closed,Rat,Rodent
VG,P12,Closed,Rat,Rodent
VG,P12,Closed,Rat,Rodent
VG,P12,Closed,Rat,Rodent
VG,P12,Closed,Rat,Rodent
VG,P12,Closed,Rat,Rodent
VG,P12,Closed,Rat,Rodent
VG,P12,Closed,Rat,Rodent
VG,P12,Closed,Rat,Rodent
VG,P12,Closed,Rat,Rodent
VG,P12,Closed,Rat,Rodent
VG,P12,Closed,Rat,Rodent
VG,P12,Closed,Rat,Rodent
VG,P12,Closed,Rat,Rodent
VG,P12,Closed,Rat,Rodent
VG,P12,Closed,Rat,Rodent
VG,P12,Closed,Rat,Rodent
VG,P12,Closed,Rat,Rodent
VG,P12,Closed,Rat,Rodent
VG,P12,Closed,Rat,Rodent
VG,P12,Closed,Rat,Rodent
VG,P12,Closed,Rat,Rodent
VG,P12,Closed,Rat,Rodent
VG,P12,Closed,Rat,Rodent
VG,P12,Closed,Rat,Rodent
VG,P12,Closed,Didelphis albiventris,Marsupial
VG,P12,Closed,Rat,Rodent
VG,P12,Closed,Sciurus ingrami,Rodent
VG,P12,Closed,Sciurus ingrami,Rodent
VG,P11,Closed,Rat,Rodent
VG,P11,Closed,Rat,Rodent
VG,P11,Closed,Rat,Rodent
VG,P11,Closed,Sciurus ingrami,Rodent
VG,P11,Closed,Sciurus ingrami,Rodent
VG,P11,Closed,Sciurus ingrami,Rodent
VG,P11,Closed,Sciurus ingrami,Rodent
VG,P11,Closed,Rat,Rodent
VG,P11,Closed,Rat,Rodent
VG,P11,Closed,Rat,Rodent
VG,P11,Closed,Rat,Rodent
VG,P11,Closed,Rat,Rodent
VG,P11,Closed,Rat,Rodent
VG,P11,Closed,Rat,Rodent
VG,P11,Closed,Rat,Rodent
VG,P11,Closed,Rat,Rodent
VG,P11,Closed,Sciurus ingrami,Rodent
VG,P11,Closed,Sciurus ingrami,Rodent
VG,P11,Closed,Rat,Rodent
VG,P11,Closed,Rat,Rodent
VG,P11,Closed,Rat,Rodent
VG,P11,Closed,Rat,Rodent
VG,P11,Closed,Sciurus ingrami,Rodent
VG,P11,Closed,Sciurus ingrami,Rodent
VG,P11,Closed,Rat,Rodent
VG,P11,Closed,Rat,Rodent
VG,P11,Closed,Rat,Rodent
VG,P11,Closed,Sciurus ingrami,Rodent
VG,P11,Closed,Sciurus ingrami,Rodent
VG,P11,Closed,Sciurus ingrami,Rodent
VG,P11,Closed,Rat,Rodent
VG,P11,Closed,Rat,Rodent
VG,P11,Closed,Sciurus ingrami,Rodent
VG,P11,Closed,Rat,Rodent
VG,P11,Closed,Rat,Rodent
VG,P11,Closed,Rat,Rodent
VG,P11,Closed,Rat,Rodent
VG,P11,Closed,Sciurus ingrami,Rodent
VG,P11,Closed,Rat,Rodent
VG,P11,Closed,Rat,Rodent
VG,P11,Closed,Rat,Rodent
VG,P11,Closed,Rat,Rodent
VG,P11,Closed,Sciurus ingrami,Rodent
VG,P11,Closed,Sciurus ingrami,Rodent
VG,P11,Closed,Rat,Rodent
VG,P11,Closed,Rat,Rodent
VG,P11,Closed,Rat,Rodent
VG,P11,Closed,Rat,Rodent
VG,P11,Closed,Rat,Rodent
VG,P11,Closed,Rat,Rodent
VG,P11,Closed,Rat,Rodent
VG,P11,Closed,Sciurus ingrami,Rodent
VG,P11,Closed,Rat,Rodent
VG,P11,Closed,Rat,Rodent
VG,P11,Closed,Rat,Rodent
VG,P11,Closed,Rat,Rodent
VG,P11,Closed,Rat,Rodent
VG,P11,Closed,Rat,Rodent
VG,P11,Closed,Rat,Rodent
VG,P11,Closed,Rat,Rodent
VG,P11,Closed,Rat,Rodent
VG,P11,Closed,Rat,Rodent
VG,P11,Closed,Rat,Rodent
VG,P11,Closed,Rat,Rodent
VG,P11,Closed,Rat,Rodent
VG,P11,Closed,Sciurus ingrami,Rodent
VG,P11,Closed,Rat,Rodent
VG,P11,Closed,Sciurus ingrami,Rodent
VG,P11,Closed,Sciurus ingrami,Rodent
VG,P11,Closed,Sciurus ingrami,Rodent
VG,P11,Closed,Sciurus ingrami,Rodent
VG,P11,Closed,Rat,Rodent
VG,P11,Closed,Rat,Rodent
VG,P11,Closed,Rat,Rodent
VG,P11,Closed,Rat,Rodent
VG,P1,Closed,Rat,Rodent
VG,P1,Closed,Rat,Rodent
VG,P1,Closed,Rat,Rodent
VG,P1,Closed,Rat,Rodent
VG,P1,Closed,Rat,Rodent
VG,P1,Closed,Rat,Rodent
VG,P1,Closed,Rat,Rodent
VG,P1,Closed,Rat,Rodent
VG,P1,Closed,Rat,Rodent
VG,P1,Closed,Rat,Rodent
VG,P1,Closed,Rat,Rodent
VG,P1,Closed,Rat,Rodent
VG,P1,Closed,Rat,Rodent
VG,P1,Closed,Rat,Rodent
VG,P1,Closed,Rat,Rodent
VG,P1,Closed,Rat,Rodent
VG,P1,Closed,Rat,Rodent
VG,P1,Closed,Rat,Rodent
VG,P1,Closed,Rat,Rodent
VG,P1,Closed,Rat,Rodent
VG,P1,Closed,Rat,Rodent
VG,P1,Closed,Rat,Rodent
VG,P1,Closed,Rat,Rodent
VG,P1,Closed,Rat,Rodent
VG,P1,Closed,Rat,Rodent
VG,P1,Closed,Rat,Rodent
VG,P1,Closed,Rat,Rodent
VG,P1,Closed,Rat,Rodent
VG,P1,Closed,Sciurus ingrami,Rodent
VG,P9,Closed,Rat,Rodent
VG,P9,Closed,Rat,Rodent
VG,P9,Closed,Sciurus ingrami,Rodent
VG,P9,Closed,Rat,Rodent
VG,P9,Closed,Rat,Rodent
VG,P9,Closed,Rat,Rodent
VG,P9,Closed,Rat,Rodent
VG,P9,Closed,Rat,Rodent
VG,P9,Closed,Rat,Rodent
VG,P9,Closed,Rat,Rodent
VG,P9,Closed,Rat,Rodent
VG,P9,Closed,Rat,Rodent
VG,P9,Closed,Rat,Rodent
VG,P9,Closed,Sciurus ingrami,Rodent
VG,P9,Closed,Sciurus ingrami,Rodent
VG,P9,Closed,Sciurus ingrami,Rodent
VG,P9,Closed,Rat,Rodent
VG,P9,Closed,Rat,Rodent
VG,P9,Closed,Rat,Rodent
VG,P9,Closed,Rat,Rodent
VG,P9,Closed,Rat,Rodent
VG,P9,Closed,Rat,Rodent
VG,P9,Closed,Rat,Rodent
VG,P9,Closed,Rat,Rodent
VG,P9,Closed,Rat,Rodent
VG,P9,Closed,Rat,Rodent
VG,P9,Closed,Rat,Rodent
VG,P9,Closed,Rat,Rodent
VG,P9,Closed,Rat,Rodent
VG,P9,Closed,Rat,Rodent
VG,P9,Closed,Rat,Rodent
VG,P9,Closed,Rat,Rodent
VG,P9,Closed,Rat,Rodent
VG,P9,Closed,Rat,Rodent
VG,P9,Closed,Sciurus ingrami,Rodent
VG,P9,Closed,Rat,Rodent
VG,P9,Closed,Rat,Rodent
VG,P9,Closed,Rat,Rodent
VG,P9,Closed,Rat,Rodent
VG,P9,Closed,Rat,Rodent
VG,P9,Closed,Rat,Rodent
VG,P9,Closed,Rat,Rodent
VG,P9,Closed,Sciurus ingrami,Rodent
VG,P9,Closed,Rat,Rodent
VG,P9,Closed,Rat,Rodent
VG,P9,Closed,Rat,Rodent
VG,P9,Closed,Rat,Rodent
VG,P9,Closed,Rat,Rodent
VG,P9,Closed,Rat,Rodent
VG,P9,Closed,Rat,Rodent
VG,P9,Closed,Rat,Rodent
VG,P9,Closed,Rat,Rodent
VG,P9,Closed,Rat,Rodent
VG,P9,Closed,Rat,Rodent
VG,P9,Closed,Rat,Rodent
VG,P5,Open,Rat,Rodent
VG,P5,Open,Rat,Rodent
VG,P5,Open,Rat,Rodent
VG,P5,Open,Rat,Rodent
VG,P5,Open,Sciurus ingrami,Rodent
VG,P5,Open,Rat,Rodent
VG,P5,Open,Sciurus ingrami,Rodent
VG,P5,Open,Rat,Rodent
VG,P5,Open,Rat,Rodent
VG,P5,Open,Rat,Rodent
VG,P5,Open,Rat,Rodent
VG,P5,Open,Rat,Rodent
VG,P5,Open,Rat,Rodent
VG,P5,Open,Rat,Rodent
VG,P5,Open,Sciurus ingrami,Rodent
VG,P5,Open,Sciurus ingrami,Rodent
VG,P5,Open,Rat,Rodent
VG,P5,Open,Sciurus ingrami,Rodent
VG,P5,Open,Rat,Rodent
VG,P5,Open,Rat,Rodent
VG,P5,Open,Rat,Rodent
VG,P5,Open,Sciurus ingrami,Rodent
VG,P5,Open,Sciurus ingrami,Rodent
VG,P5,Open,Sciurus ingrami,Rodent
VG,P5,Open,Sciurus ingrami,Rodent
VG,P5,Open,Sciurus ingrami,Rodent
VG,P5,Open,Rat,Rodent
VG,P5,Open,Sciurus ingrami,Rodent
VG,P5,Open,Rat,Rodent
VG,P5,Open,Rat,Rodent
VG,P5,Open,Rat,Rodent
VG,P5,Open,Rat,Rodent
VG,P5,Open,Rat,Rodent
VG,P5,Open,Sciurus ingrami,Rodent
VG,P5,Open,Sciurus ingrami,Rodent
VG,P5,Open,Sciurus ingrami,Rodent
VG,P5,Open,Rat,Rodent
VG,P5,Open,Rat,Rodent
VG,P5,Open,Rat,Rodent
VG,P5,Open,Sciurus ingrami,Rodent
VG,P5,Open,Rat,Rodent
VG,P5,Open,Rat,Rodent
VG,P5,Open,Cuniculus paca,Rodent
VG,P5,Open,Rat,Rodent
VG,P5,Open,Rat,Rodent
VG,P5,Open,Rat,Rodent
VG,P5,Open,Rat,Rodent
VG,P5,Open,Rat,Rodent
VG,7A,Open,Sciurus ingrami,Rodent
VG,7A,Open,Rat,Rodent
VG,7A,Open,Rat,Rodent
VG,7A,Open,Rat,Rodent
VG,7A,Open,Rat,Rodent
VG,7A,Open,Sciurus ingrami,Rodent
VG,7A,Open,Sciurus ingrami,Rodent
VG,P1,Open,Rat,Rodent
VG,P1,Open,Dasypus novemcinctus,xernartha
VG,P1,Open,Rat,Rodent
VG,P1,Open,Rat,Rodent
VG,P1,Open,Cuniculus paca,Rodent
VG,P1,Open,Cuniculus paca,Rodent
VG,P1,Open,Rat,Rodent
VG,P1,Open,Rat,Rodent
VG,P1,Open,Rat,Rodent
VG,P1,Open,Rat,Rodent
VG,P1,Open,Cuniculus paca,Rodent
VG,P1,Open,Puma concolor,Feline
VG,P1,Open,Rat,Rodent
VG,P1,Open,Cuniculus paca,Rodent
VG,P1,Open,Cuniculus paca,Rodent
VG,P5,Closed,Sciurus ingrami,Rodent
VG,P5,Closed,Sciurus ingrami,Rodent
VG,P5,Closed,Rat,Rodent
VG,P5,Closed,Rat,Rodent
VG,P5,Closed,Sciurus ingrami,Rodent
VG,P5,Closed,Sciurus ingrami,Rodent
VG,P5,Closed,Sciurus ingrami,Rodent
VG,P5,Closed,Sciurus ingrami,Rodent
VG,P5,Closed,Sciurus ingrami,Rodent
VG,P5,Closed,Sciurus ingrami,Rodent
VG,P5,Closed,Sciurus ingrami,Rodent
VG,P5,Closed,Sciurus ingrami,Rodent
VG,P5,Closed,Rat,Rodent
VG,P5,Closed,Rat,Rodent
VG,P5,Closed,Sciurus ingrami,Rodent
VG,P5,Closed,Rat,Rodent
VG,P5,Closed,Rat,Rodent
VG,P5,Closed,Sciurus ingrami,Rodent
VG,P5,Closed,Sciurus ingrami,Rodent
VG,P5,Closed,Sciurus ingrami,Rodent
VG,P5,Closed,Rat,Rodent
VG,P5,Closed,Sciurus ingrami,Rodent
VG,P5,Closed,Sciurus ingrami,Rodent
VG,P5,Closed,Sciurus ingrami,Rodent
VG,P5,Closed,Rat,Rodent
VG,P8,Open,Cuniculus paca,Rodent
VG,P8,Open,Cuniculus paca,Rodent
VG,P8,Open,Cuniculus paca,Rodent
VG,P8,Open,Cuniculus paca,Rodent
VG,P8,Open,Cuniculus paca,Rodent
VG,P10,Closed,Rat,Rodent
VG,P10,Closed,Sciurus ingrami,Rodent
VG,P10,Closed,Rat,Rodent
VG,P10,Closed,Rat,Rodent
VG,P10,Closed,Rat,Rodent
VG,P10,Closed,Rat,Rodent
VG,P10,Closed,Rat,Rodent
VG,P10,Closed,Rat,Rodent
VG,P10,Closed,Sciurus ingrami,Rodent
VG,P10,Closed,Rat,Rodent
VG,P10,Closed,Rat,Rodent
VG,P10,Closed,Rat,Rodent
VG,P10,Closed,Rat,Rodent
VG,P10,Closed,Rat,Rodent
VG,P10,Closed,Rat,Rodent
VG,P10,Closed,Rat,Rodent
VG,P10,Closed,Rat,Rodent
VG,P10,Closed,Rat,Rodent
VG,P10,Closed,Rat,Rodent
VG,P10,Closed,Rat,Rodent
VG,P10,Closed,Rat,Rodent
VG,P10,Closed,Rat,Rodent
VG,P10,Closed,Rat,Rodent
VG,P10,Closed,Rat,Rodent
VG,P10,Closed,Rat,Rodent
VG,P10,Closed,Rat,Rodent
VG,P10,Closed,Rat,Rodent
VG,P10,Closed,Rat,Rodent
VG,P10,Closed,Rat,Rodent
VG,P10,Closed,Rat,Rodent
VG,P10,Closed,Rat,Rodent
VG,P10,Closed,Rat,Rodent
VG,P10,Closed,Rat,Rodent
VG,P10,Closed,Rat,Rodent
VG,P10,Closed,Sciurus ingrami,Rodent
VG,P10,Closed,Sciurus ingrami,Rodent
VG,P10,Closed,Rat,Rodent
VG,P10,Closed,Rat,Rodent
VG,P10,Closed,Sciurus ingrami,Rodent
VG,P10,Closed,Rat,Rodent
VG,P10,Closed,Rat,Rodent
VG,P10,Closed,Rat,Rodent
VG,P10,Closed,Rat,Rodent
VG,P10,Closed,Rat,Rodent
VG,P10,Closed,Rat,Rodent
VG,P10,Closed,Rat,Rodent
VG,P10,Closed,Rat,Rodent
VG,P10,Closed,Rat,Rodent
VG,P10,Closed,Sciurus ingrami,Rodent
VG,P10,Closed,Rat,Rodent
VG,P10,Closed,Sciurus ingrami,Rodent
VG,P10,Closed,Rat,Rodent
VG,P10,Closed,Rat,Rodent
VG,P10,Closed,Rat,Rodent
VG,P10,Closed,Rat,Rodent
VG,P10,Closed,Rat,Rodent
VG,P10,Closed,Rat,Rodent
VG,P10,Closed,Rat,Rodent
VG,P10,Closed,Rat,Rodent
VG,P10,Closed,Rat,Rodent
VG,P10,Closed,Rat,Rodent
VG,P10,Closed,Sciurus ingrami,Rodent
VG,P10,Closed,Sciurus ingrami,Rodent
VG,P10,Closed,Sciurus ingrami,Rodent
VG,P10,Closed,Sciurus ingrami,Rodent
VG,P10,Closed,Rat,Rodent
VG,P10,Closed,Sciurus ingrami,Rodent
VG,P10,Closed,Sciurus ingrami,Rodent
VG,P10,Closed,Sciurus ingrami,Rodent
VG,P10,Closed,Sciurus ingrami,Rodent
VG,P10,Closed,Rat,Rodent
VG,P10,Closed,Sciurus ingrami,Rodent
VG,P10,Closed,Rat,Rodent
VG,P10,Closed,Rat,Rodent
VG,P10,Closed,Rat,Rodent
VG,P10,Closed,Rat,Rodent
VG,P10,Closed,Rat,Rodent
VG,P10,Closed,Rat,Rodent
VG,P10,Closed,Rat,Rodent
VG,P10,Closed,Rat,Rodent
VG,P10,Closed,Rat,Rodent
VG,P10,Closed,Rat,Rodent
VG,P10,Closed,Rat,Rodent
VG,P10,Closed,Rat,Rodent
VG,P10,Closed,Rat,Rodent
VG,P10,Closed,Rat,Rodent
VG,P10,Closed,Rat,Rodent
VG,P10,Closed,Sciurus ingrami,Rodent
VG,P10,Closed,Sciurus ingrami,Rodent
VG,7F,Closed,Rat,Rodent
VG,7F,Closed,Rat,Rodent
VG,7F,Closed,Rat,Rodent
VG,7F,Closed,Rat,Rodent
VG,7F,Closed,Didelphis albiventris,Marsupial
VG,7F,Closed,Rat,Rodent
VG,7F,Closed,Rat,Rodent
VG,7F,Closed,Rat,Rodent
VG,7F,Closed,Rat,Rodent
VG,7F,Closed,Rat,Rodent
VG,7F,Closed,Rat,Rodent
VG,7F,Closed,Tupinambis teguixim,Lizard
VG,7F,Closed,Rat,Rodent
VG,7F,Closed,Rat,Rodent
VG,7F,Closed,Sciurus ingrami,Rodent
VG,7F,Closed,Rat,Rodent
VG,P14,Closed,Rat,Rodent
VG,P14,Closed,Rat,Rodent
VG,P8,Closed,Rat,Rodent
VG,P8,Closed,Rat,Rodent
VG,P8,Closed,Rat,Rodent
VG,P8,Closed,Rat,Rodent
VG,P8,Closed,Rat,Rodent
VG,P8,Closed,Rat,Rodent
VG,P8,Closed,Rat,Rodent
VG,P8,Closed,Rat,Rodent
VG,P8,Closed,Rat,Rodent
VG,P8,Closed,Rat,Rodent
VG,P8,Closed,Rat,Rodent
VG,P8,Closed,Rat,Rodent
VG,P8,Closed,Rat,Rodent
VG,P8,Closed,Rat,Rodent
VG,P8,Closed,Rat,Rodent
VG,P8,Closed,Rat,Rodent
VG,P8,Closed,Rat,Rodent
VG,P8,Closed,Rat,Rodent
VG,P8,Closed,Rat,Rodent
VG,P8,Closed,Rat,Rodent
VG,P8,Closed,Rat,Rodent
VG,P8,Closed,Rat,Rodent
VG,P8,Closed,Rat,Rodent
VG,P8,Closed,Rat,Rodent
VG,P8,Closed,Rat,Rodent
VG,P8,Closed,Rat,Rodent
VG,P8,Closed,Rat,Rodent
VG,P8,Closed,Rat,Rodent
VG,P8,Closed,Rat,Rodent
VG,P8,Closed,Rat,Rodent
VG,P8,Closed,Rat,Rodent
VG,P8,Closed,Rat,Rodent
VG,P8,Closed,Rat,Rodent
VG,P8,Closed,Rat,Rodent
VG,P8,Closed,Rat,Rodent
VG,P8,Closed,Rat,Rodent
VG,P6,Closed,Sciurus ingrami,Rodent
VG,P6,Closed,Rat,Rodent
VG,P6,Closed,Sciurus ingrami,Rodent
VG,P6,Closed,Rat,Rodent
VG,P6,Closed,Sciurus ingrami,Rodent
VG,P6,Closed,Rat,Rodent
VG,P6,Closed,Rat,Rodent
VG,P6,Closed,Rat,Rodent
VG,P6,Closed,Rat,Rodent
VG,P6,Closed,Sciurus ingrami,Rodent
VG,P6,Closed,Rat,Rodent
VG,P6,Closed,Rat,Rodent
VG,P6,Closed,Rat,Rodent
VG,P6,Closed,Rat,Rodent
VG,P6,Closed,Rat,Rodent
VG,P6,Closed,Rat,Rodent
VG,P6,Closed,Rat,Rodent
VG,P6,Closed,Rat,Rodent
VG,P6,Closed,Rat,Rodent
VG,P6,Closed,Rat,Rodent
VG,P6,Closed,Sciurus ingrami,Rodent
VG,P6,Closed,Sciurus ingrami,Rodent
VG,P6,Closed,Sciurus ingrami,Rodent
VG,P6,Closed,Sciurus ingrami,Rodent
VG,P6,Closed,Sciurus ingrami,Rodent
VG,P6,Closed,Sciurus ingrami,Rodent
VG,P6,Closed,Sciurus ingrami,Rodent
VG,P6,Closed,Sciurus ingrami,Rodent
VG,P10,Open,N/A,N/A
VG,P14,Open,Rat,Rodent
VG,P14,Open,Rat,Rodent
VG,P14,Open,Rat,Rodent
VG,P14,Open,Rat,Rodent
VG,P14,Open,Rat,Rodent
VG,P14,Open,Rat,Rodent
VG,P14,Open,Rat,Rodent
VG,P14,Open,Rat,Rodent
VG,P14,Open,Rat,Rodent
VG,P14,Open,Rat,Rodent
VG,P14,Open,Rat,Rodent
VG,P14,Open,Rat,Rodent
VG,P14,Open,Tapirus terrestris,Ungulate
VG,P14,Open,Tapirus terrestris,Ungulate
VG,P14,Open,Rat,Rodent
VG,P14,Open,Rat,Rodent
VG,P14,Open,Rat,Rodent
VG,P14,Open,Rat,Rodent
VG,P14,Open,Rat,Rodent
VG,P14,Open,Rat,Rodent
VG,P14,Open,Rat,Rodent
VG,P14,Open,Rat,Rodent
VG,P14,Open,Rat,Rodent
VG,P14,Open,Rat,Rodent
VG,P14,Open,Rat,Rodent
VG,P14,Open,Rat,Rodent
VG,P14,Open,Rat,Rodent
VG,P14,Open,Rat,Rodent
VG,P14,Open,Rat,Rodent
VG,P14,Open,Rat,Rodent
VG,P14,Open,Cuniculus paca,Rodent
VG,P14,Open,Rat,Rodent
VG,P14,Open,Rat,Rodent
VG,P14,Open,Rat,Rodent
VG,P14,Open,Rat,Rodent
VG,P14,Open,Rat,Rodent
VG,P14,Open,Rat,Rodent
VG,P14,Open,Rat,Rodent
VG,P14,Open,Leopardus pardalis,Feline
VG,P14,Open,Rat,Rodent
VG,P14,Open,Rat,Rodent
VG,P14,Open,Rat,Rodent
VG,P14,Open,Rat,Rodent
VG,P14,Open,Rat,Rodent
VG,P14,Open,Rat,Rodent
VG,P14,Open,Leopardus pardalis,Feline
VG,P14,Open,Rat,Rodent
VG,P14,Open,Rat,Rodent
VG,P14,Open,Rat,Rodent
VG,P14,Open,Rat,Rodent
VG,P14,Open,Rat,Rodent
VG,P14,Open,Rat,Rodent
VG,P15,Open,Pecari tajacu,Ungulate
VG,P15,Closed,Rat,Rodent
VG,P15,Closed,Rat,Rodent
VG,P15,Closed,Rat,Rodent
VG,P15,Closed,Rat,Rodent
VG,P15,Closed,Rat,Rodent
VG,P15,Closed,Rat,Rodent
VG,P15,Closed,Rat,Rodent
VG,P15,Closed,Rat,Rodent
VG,P15,Closed,Rat,Rodent
VG,P15,Closed,Rat,Rodent
VG,P15,Closed,Rat,Rodent
VG,P15,Closed,Rat,Rodent
VG,P15,Closed,Rat,Rodent
VG,P15,Closed,Rat,Rodent
VG,P15,Closed,Rat,Rodent
VG,P15,Closed,Rat,Rodent
VG,P15,Closed,Rat,Rodent
VG,P15,Closed,Rat,Rodent
VG,P15,Closed,Rat,Rodent
VG,P15,Closed,Rat,Rodent
VG,P15,Closed,Rat,Rodent
VG,P15,Closed,Rat,Rodent
VG,P15,Closed,Rat,Rodent
VG,P15,Closed,Rat,Rodent
VG,P15,Closed,Rat,Rodent
VG,P15,Closed,Rat,Rodent
VG,P15,Closed,Rat,Rodent
VG,P15,Closed,Rat,Rodent
VG,P15,Closed,Rat,Rodent
VG,P15,Closed,Rat,Rodent
VG,P15,Closed,Rat,Rodent
VG,P15,Closed,Rat,Rodent
VG,P15,Closed,Rat,Rodent
VG,P15,Closed,Rat,Rodent
VG,P15,Closed,Rat,Rodent
VG,P15,Closed,Rat,Rodent
VG,P15,Closed,Rat,Rodent
VG,P15,Closed,Rat,Rodent
VG,P15,Closed,Rat,Rodent
VG,P15,Closed,Rat,Rodent
VG,P15,Closed,Rat,Rodent
VG,P15,Closed,Rat,Rodent
VG,P15,Closed,Rat,Rodent
VG,P15,Closed,Rat,Rodent
VG,P15,Closed,Rat,Rodent
VG,P15,Closed,Rat,Rodent
VG,P15,Closed,Rat,Rodent
VG,P15,Closed,Rat,Rodent
VG,P15,Closed,Rat,Rodent
VG,P15,Closed,Rat,Rodent
VG,P15,Closed,Rat,Rodent
VG,P15,Closed,Rat,Rodent
VG,P15,Closed,Rat,Rodent
VG,P15,Closed,Rat,Rodent
VG,P15,Closed,Rat,Rodent
VG,P15,Closed,Rat,Rodent
VG,P15,Closed,Rat,Rodent
VG,P15,Closed,Rat,Rodent
VG,P15,Closed,Rat,Rodent
VG,P15,Closed,Rat,Rodent
VG,P15,Closed,Rat,Rodent
VG,P15,Closed,Rat,Rodent
VG,P15,Closed,Rat,Rodent
VG,P15,Closed,Rat,Rodent
VG,P15,Closed,Rat,Rodent
VG,P15,Closed,Rat,Rodent
VG,P15,Closed,Rat,Rodent
VG,P15,Closed,Rat,Rodent
VG,P15,Closed,Rat,Rodent
VG,P15,Closed,Rat,Rodent
VG,P15,Closed,Rat,Rodent
VG,P15,Closed,Rat,Rodent
VG,P15,Closed,Rat,Rodent
VG,P15,Closed,Rat,Rodent
VG,P15,Closed,Rat,Rodent
VG,P15,Closed,Rat,Rodent
VG,P15,Closed,Rat,Rodent
VG,P15,Closed,Rat,Rodent
VG,P15,Closed,Rat,Rodent
VG,P15,Closed,Rat,Rodent
VG,P15,Closed,Rat,Rodent
VG,P15,Closed,Rat,Rodent
VG,P15,Closed,Rat,Rodent
VG,P15,Closed,Rat,Rodent
VG,P15,Closed,Rat,Rodent
VG,P15,Closed,Rat,Rodent
VG,P15,Closed,Rat,Rodent
VG,P15,Closed,Rat,Rodent
VG,P15,Closed,Rat,Rodent
VG,P15,Closed,Rat,Rodent
VG,P15,Closed,Rat,Rodent
VG,P15,Closed,Rat,Rodent
VG,P15,Closed,Rat,Rodent
VG,P15,Closed,Rat,Rodent
VG,P15,Closed,Rat,Rodent
VG,P15,Closed,Rat,Rodent
VG,P15,Closed,Rat,Rodent
VG,P15,Closed,Rat,Rodent
VG,P15,Closed,Rat,Rodent
VG,P15,Closed,Rat,Rodent
VG,P15,Closed,Rat,Rodent
VG,P15,Closed,Rat,Rodent
VG,P15,Closed,Rat,Rodent
VG,P15,Closed,Rat,Rodent
VG,P15,Closed,Rat,Rodent
VG,P15,Closed,Rat,Rodent
VG,P15,Closed,Rat,Rodent
VG,P15,Closed,Rat,Rodent
VG,P15,Closed,Rat,Rodent
VG,P15,Closed,Rat,Rodent
VG,P15,Closed,Rat,Rodent
VG,P15,Closed,Rat,Rodent
VG,P15,Closed,Rat,Rodent
VG,P15,Closed,Rat,Rodent
VG,P15,Closed,Rat,Rodent
VG,P15,Closed,Rat,Rodent
VG,P15,Closed,Rat,Rodent
VG,P15,Closed,Rat,Rodent
VG,P15,Open,Pecari tajacu,Ungulate
VG,P15,Open,Pecari tajacu,Ungulate
VG,P15,Closed,Rat,Rodent
VG,P15,Closed,Rat,Rodent
VG,P15,Closed,Rat,Rodent
VG,P15,Closed,Rat,Rodent
VG,P15,Closed,Rat,Rodent
VG,P15,Closed,Rat,Rodent
VG,P15,Closed,Rat,Rodent
VG,P15,Closed,Rat,Rodent
VG,P15,Closed,Rat,Rodent
VG,P15,Closed,Rat,Rodent
VG,P15,Closed,Rat,Rodent
VG,P15,Closed,Rat,Rodent
VG,P15,Closed,Rat,Rodent
VG,P15,Closed,Rat,Rodent
VG,P15,Closed,Rat,Rodent
VG,P15,Closed,Rat,Rodent
VG,P15,Closed,Rat,Rodent
VG,P15,Closed,Rat,Rodent
VG,P15,Closed,Rat,Rodent
VG,P15,Closed,Rat,Rodent
VG,P15,Closed,Rat,Rodent
VG,P15,Closed,Rat,Rodent
VG,P15,Closed,Rat,Rodent
VG,P15,Closed,Rat,Rodent
VG,P15,Closed,Rat,Rodent
VG,P15,Closed,Rat,Rodent
VG,P15,Closed,Rat,Rodent
VG,P15,Closed,Rat,Rodent
VG,P15,Closed,Rat,Rodent
VG,P15,Closed,Rat,Rodent
VG,P15,Closed,Rat,Rodent
VG,P15,Closed,Rat,Rodent
VG,P15,Closed,Rat,Rodent
VG,P15,Closed,Rat,Rodent
VG,P15,Closed,Rat,Rodent
VG,P15,Closed,Rat,Rodent
VG,P15,Closed,Rat,Rodent
VG,P15,Closed,Rat,Rodent
VG,P15,Closed,Rat,Rodent
VG,P15,Closed,Rat,Rodent
VG,P15,Closed,Rat,Rodent
VG,P15,Closed,Rat,Rodent
VG,P15,Closed,Rat,Rodent
VG,P15,Closed,Rat,Rodent
VG,P15,Closed,Rat,Rodent
VG,P15,Closed,Rat,Rodent
VG,P15,Closed,Rat,Rodent
VG,P15,Closed,Rat,Rodent
VG,P15,Closed,Rat,Rodent
VG,P15,Closed,Rat,Rodent
VG,P15,Closed,Rat,Rodent
VG,P15,Closed,Rat,Rodent
VG,P15,Closed,Rat,Rodent
VG,P15,Closed,Rat,Rodent
VG,P15,Closed,Rat,Rodent
VG,P15,Closed,Rat,Rodent
VG,P15,Closed,Rat,Rodent
VG,P15,Closed,Rat,Rodent
VG,P15,Closed,Rat,Rodent
VG,P15,Closed,Rat,Rodent
VG,P15,Closed,Rat,Rodent
VG,P15,Closed,Rat,Rodent
VG,P15,Closed,Rat,Rodent
VG,P15,Closed,Rat,Rodent
VG,P15,Closed,Rat,Rodent
VG,P11,Open,Didelphis aurita,Marsupial
VG,P11,Open,Rat,Rodent
VG,P11,Open,Rat,Rodent
VG,P11,Open,Rat,Rodent
VG,P11,Open,Rat,Rodent
VG,P11,Open,Sciurus ingrami,Rodent
VG,P11,Open,Rat,Rodent
VG,P11,Open,Rat,Rodent
VG,P11,Open,Rat,Rodent
VG,P11,Open,Rat,Rodent
VG,P11,Open,Rat,Rodent
VG,P11,Open,Sciurus ingrami,Rodent
VG,P11,Open,Sciurus ingrami,Rodent
VG,P11,Open,Sciurus ingrami,Rodent
VG,P11,Open,Rat,Rodent
VG,P11,Open,Sciurus ingrami,Rodent
VG,P11,Open,Rat,Rodent
VG,P11,Open,Rat,Rodent
VG,P11,Open,Rat,Rodent
VG,P11,Open,Rat,Rodent
VG,P11,Open,Rat,Rodent
VG,P11,Open,Rat,Rodent
VG,P11,Open,Rat,Rodent
VG,P11,Open,Rat,Rodent
VG,P11,Open,Rat,Rodent
VG,P11,Open,Rat,Rodent
VG,P11,Open,Sciurus ingrami,Rodent
VG,P11,Open,Rat,Rodent
VG,P11,Open,Rat,Rodent
VG,P11,Open,Rat,Rodent
VG,P11,Open,Rat,Rodent
VG,P11,Open,Rat,Rodent
VG,P11,Open,Rat,Rodent
VG,P11,Open,Rat,Rodent
VG,P11,Open,Rat,Rodent
VG,P11,Open,Rat,Rodent
VG,P11,Open,Rat,Rodent
VG,P11,Open,Rat,Rodent
VG,P11,Open,Rat,Rodent
VG,P11,Open,Sciurus ingrami,Rodent
VG,P11,Open,Sciurus ingrami,Rodent
VG,P11,Open,Sciurus ingrami,Rodent
VG,P11,Open,Sciurus ingrami,Rodent
VG,P11,Open,Sciurus ingrami,Rodent
VG,P11,Open,Rat,Rodent
VG,P11,Open,Rat,Rodent
VG,P11,Open,Rat,Rodent
VG,P11,Open,Rat,Rodent
VG,P11,Open,Rat,Rodent
VG,P11,Open,Rat,Rodent
VG,P11,Open,Rat,Rodent
VG,P11,Open,Rat,Rodent
VG,P11,Open,Rat,Rodent
VG,P11,Open,Sciurus ingrami,Rodent
VG,P11,Open,Sciurus ingrami,Rodent
VG,P11,Open,Sciurus ingrami,Rodent
VG,P11,Open,Rat,Rodent
VG,P11,Open,Rat,Rodent
VG,P11,Open,Rat,Rodent
VG,P11,Open,Tamandua tetradactyla,Xenarthra
VG,P11,Open,Tamandua tetradactyla,Xenarthra
VG,P11,Open,Rat,Rodent
VG,P11,Open,Rat,Rodent
VG,P11,Open,Rat,Rodent
VG,P11,Open,Rat,Rodent
VG,P11,Open,Tupinambis teguixim,Lizard
VG,P11,Open,Rat,Rodent
VG,P11,Open,Rat,Rodent
VG,P11,Open,Rat,Rodent
VG,P11,Open,Rat,Rodent
VG,P11,Open,Sciurus ingrami,Rodent
VG,P11,Open,Sciurus ingrami,Rodent
VG,P11,Open,Rat,Rodent
VG,P11,Open,Sciurus ingrami,Rodent
VG,P11,Open,Sciurus ingrami,Rodent
VG,P11,Open,Sciurus ingrami,Rodent
VG,P11,Open,Sciurus ingrami,Rodent
VG,P11,Open,Sciurus ingrami,Rodent
VG,P11,Open,Sciurus ingrami,Rodent
VG,P11,Open,Sciurus ingrami,Rodent
VG,P11,Open,Sciurus ingrami,Rodent
VG,P11,Open,Sciurus ingrami,Rodent
VG,P11,Open,Sciurus ingrami,Rodent
VG,P11,Open,Sciurus ingrami,Rodent
VG,P11,Open,Sciurus ingrami,Rodent
VG,P11,Open,Sciurus ingrami,Rodent
VG,P11,Open,Sciurus ingrami,Rodent
VG,P11,Open,Sciurus ingrami,Rodent
VG,P11,Open,Sciurus ingrami,Rodent
VG,P12,Open,Rat,Rodent
VG,P12,Open,Rat,Rodent
VG,P12,Open,Rat,Rodent
VG,P12,Open,Rat,Rodent
VG,P12,Open,Rat,Rodent
VG,P12,Open,Rat,Rodent
VG,P12,Open,Rat,Rodent
VG,P12,Open,Rat,Rodent
VG,P12,Open,Puma yagouaroundi,Feline
VG,P12,Open,Rat,Rodent
VG,P12,Open,Didelphis aurita,Marsupial
VG,P12,Open,Rat,Rodent
VG,P12,Open,Rat,Rodent
VG,P12,Open,Rat,Rodent
VG,P12,Open,Rat,Rodent
VG,P12,Open,Rat,Rodent
VG,P12,Open,Rat,Rodent
VG,P12,Open,Rat,Rodent
VG,P12,Open,Rat,Rodent
VG,P12,Open,Rat,Rodent
VG,P12,Open,Rat,Rodent
VG,P12,Open,Rat,Rodent
VG,P12,Open,Rat,Rodent
VG,P12,Open,Rat,Rodent
VG,P12,Open,Rat,Rodent
VG,P12,Open,Rat,Rodent
VG,P12,Open,Rat,Rodent
VG,P12,Open,Rat,Rodent
VG,P12,Open,Rat,Rodent
VG,P12,Open,Rat,Rodent
VG,P12,Open,Rat,Rodent
VG,P12,Open,Rat,Rodent
VG,P12,Open,Rat,Rodent
VG,P12,Open,Rat,Rodent
VG,P12,Open,Rat,Rodent
VG,P12,Open,Rat,Rodent
VG,P12,Open,Rat,Rodent
VG,P12,Open,Rat,Rodent
VG,P12,Open,Rat,Rodent
VG,P12,Open,Rat,Rodent
VG,P12,Open,Rat,Rodent
VG,P12,Open,Rat,Rodent
VG,P12,Open,Rat,Rodent
VG,P12,Open,Rat,Rodent
VG,P12,Open,Rat,Rodent
VG,P12,Open,Sciurus ingrami,Rodent
VG,P12,Open,Didelphis aurita,Marsupial
VG,P12,Open,Rat,Rodent
VG,P12,Open,Rat,Rodent
VG,P12,Open,Rat,Rodent
VG,P12,Open,Rat,Rodent
VG,P12,Open,Rat,Rodent
VG,P12,Open,Sciurus ingrami,Rodent
VG,P12,Open,Rat,Rodent
VG,P12,Open,Rat,Rodent
VG,P12,Open,Rat,Rodent
VG,P12,Open,Rat,Rodent
VG,P12,Open,Rat,Rodent
VG,P12,Open,Rat,Rodent
VG,P12,Open,Rat,Rodent
VG,P12,Open,Rat,Rodent
VG,P12,Open,Leopardus pardalis,Feline
VG,P12,Open,Rat,Rodent
VG,P12,Open,Rat,Rodent
VG,P12,Open,Rat,Rodent
VG,P12,Open,Sciurus ingrami,Rodent
VG,P12,Open,Sciurus ingrami,Rodent
VG,P12,Open,Sciurus ingrami,Rodent
VG,P12,Open,Sciurus ingrami,Rodent
VG,P15,Open,Rat,Rodent
VG,P15,Open,Rat,Rodent
VG,P15,Open,Rat,Rodent
VG,P15,Open,Rat,Rodent
VG,P15,Open,Rat,Rodent
VG,P15,Open,Rat,Rodent
VG,P15,Open,Rat,Rodent
VG,P15,Open,Rat,Rodent
VG,P15,Open,Rat,Rodent
VG,P15,Open,Rat,Rodent
VG,P15,Open,Rat,Rodent
VG,P15,Open,Rat,Rodent
VG,P15,Open,Rat,Rodent
VG,P15,Open,Rat,Rodent
VG,P15,Open,Rat,Rodent
VG,P15,Open,Rat,Rodent
VG,P15,Open,Rat,Rodent
VG,P15,Open,Rat,Rodent
VG,P15,Open,Rat,Rodent
VG,P15,Open,Rat,Rodent
VG,P15,Open,Rat,Rodent
VG,P15,Open,Rat,Rodent
VG,P15,Open,Rat,Rodent
VG,P15,Open,Rat,Rodent
VG,P15,Open,Rat,Rodent
VG,P15,Open,Rat,Rodent
VG,P15,Open,Rat,Rodent
VG,P15,Open,Rat,Rodent
VG,P15,Open,Rat,Rodent
VG,P15,Open,Rat,Rodent
VG,P15,Open,Rat,Rodent
VG,P15,Open,Rat,Rodent
VG,P15,Open,Rat,Rodent
VG,P15,Open,Rat,Rodent
VG,P15,Open,Rat,Rodent
VG,P15,Open,Rat,Rodent
VG,P15,Open,Rat,Rodent
VG,P15,Open,Rat,Rodent
VG,P15,Open,Rat,Rodent
VG,P15,Open,Rat,Rodent
VG,P15,Open,Rat,Rodent
VG,P15,Open,Rat,Rodent
VG,P15,Open,Rat,Rodent
VG,P15,Open,Rat,Rodent
VG,P15,Open,Rat,Rodent
VG,P15,Open,Rat,Rodent
VG,P15,Open,Rat,Rodent
VG,P15,Open,Rat,Rodent
VG,P15,Open,Rat,Rodent
VG,P15,Open,Rat,Rodent
VG,P15,Open,Rat,Rodent
VG,P15,Open,Rat,Rodent
VG,P15,Open,Rat,Rodent
VG,P15,Open,Rat,Rodent
VG,P15,Open,Rat,Rodent
VG,P15,Open,Rat,Rodent
VG,P15,Open,Rat,Rodent
VG,P15,Open,Rat,Rodent
VG,P15,Open,Rat,Rodent
VG,P15,Open,Rat,Rodent
VG,P15,Open,Rat,Rodent
VG,P15,Open,Rat,Rodent
VG,P15,Open,Rat,Rodent
VG,P15,Open,Rat,Rodent
VG,P15,Open,Rat,Rodent
VG,P15,Open,Rat,Rodent
VG,P15,Open,Rat,Rodent
VG,P15,Open,Rat,Rodent
VG,P15,Open,Rat,Rodent
VG,P15,Open,Rat,Rodent
VG,P15,Open,Rat,Rodent
VG,P15,Open,Rat,Rodent
VG,P15,Open,Rat,Rodent
VG,P15,Open,Rat,Rodent
VG,P15,Open,Rat,Rodent
VG,P15,Open,Rat,Rodent
VG,P15,Open,Rat,Rodent
VG,P15,Open,Rat,Rodent
VG,P15,Open,Rat,Rodent
VG,P15,Open,Rat,Rodent
VG,P15,Open,Rat,Rodent
VG,P15,Open,Rat,Rodent
VG,P15,Open,Rat,Rodent
VG,P15,Open,Rat,Rodent
VG,P15,Open,Rat,Rodent
VG,P15,Open,Rat,Rodent
VG,P15,Open,Rat,Rodent
VG,P15,Open,Rat,Rodent
VG,P15,Open,Rat,Rodent
VG,P15,Open,Rat,Rodent
VG,P15,Open,Rat,Rodent
VG,P15,Open,Rat,Rodent
VG,P15,Open,Rat,Rodent
VG,P15,Open,Rat,Rodent
VG,P15,Open,Rat,Rodent
VG,P15,Open,Rat,Rodent
VG,P15,Open,Rat,Rodent
VG,P15,Open,Rat,Rodent
VG,P15,Open,Rat,Rodent
VG,P15,Open,Rat,Rodent
VG,P15,Open,Rat,Rodent
VG,P15,Open,Rat,Rodent
VG,P15,Open,Rat,Rodent
VG,P15,Open,Rat,Rodent
VG,P15,Open,Rat,Rodent
VG,P15,Open,Rat,Rodent
VG,P15,Open,Rat,Rodent
VG,P15,Open,Rat,Rodent
VG,P15,Open,Rat,Rodent
VG,P15,Open,Rat,Rodent
VG,P15,Open,Rat,Rodent
VG,P15,Open,Rat,Rodent
ITA,10A,Open,Tayassu pecari,ungulate
ITA,10A,Open,Tayassu pecari,ungulate
ITA,10A,Open,Tayassu pecari,ungulate
ITA,10A,Open,Tayassu pecari,ungulate
ITA,10A,Open,Tayassu pecari,ungulate
ITA,12A,open,Puma concolor,toppredator
ITA,12A,open,Puma concolor,toppredator
ITA,12A,open,Tayassu pecari,ungulate
ITA,12A,open,Tayassu pecari,ungulate
ITA,12A,open,Tayassu pecari,ungulate
ITA,12A,open,Tayassu pecari,ungulate
ITA,12A,open,Tayassu pecari,ungulate
ITA,12A,open,Pecari tajacu,ungulate
ITA,12A,open,Pecari tajacu,ungulate
ITA,12A,open,Puma concolor,toppredator
ITA,12A,open,Puma concolor,toppredator
ITA,12A,open,Puma concolor,toppredator
ITA,12A,open,Puma concolor,toppredator
ITA,12A,open,Puma concolor,toppredator
ITA,12A,open,Puma concolor,toppredator
ITA,12A,open,Tayassu pecari,ungulate
ITA,12A,open,Tayassu pecari,ungulate
ITA,12A,open,Tayassu pecari,ungulate
ITA,12A,open,Tayassu pecari,ungulate
ITA,12A,open,Tayassu pecari,ungulate
ITA,12A,open,Leopardus tigrinus,mesopredator
ITA,12A,open,Tayassu pecari,ungulate
ITA,12A,open,Tayassu pecari,ungulate
ITA,12A,open,Tayassu pecari,ungulate
ITA,12A,open,Tayassu pecari,ungulate
ITA,12A,open,Tayassu pecari,ungulate
ITA,12A,open,Tayassu pecari,ungulate
ITA,12A,open,Tayassu pecari,ungulate
ITA,12A,open,Tayassu pecari,ungulate
ITA,12A,open,Tayassu pecari,ungulate
ITA,12A,open,Tayassu pecari,ungulate
ITA,12A,open,Tayassu pecari,ungulate
ITA,12A,open,Tayassu pecari,ungulate
ITA,12A,open,Tayassu pecari,ungulate
ITA,12A,open,Tayassu pecari,ungulate
ITA,12A,open,Tayassu pecari,ungulate
ITA,12A,open,Tayassu pecari,ungulate
ITA,12A,open,Tayassu pecari,ungulate
ITA,12A,open,Tayassu pecari,ungulate
ITA,12A,open,Tayassu pecari,ungulate
ITA,12A,open,Tayassu pecari,ungulate
ITA,12F,Closed,Rat,smallrodent
ITA,12F,Closed,Rat,smallrodent
ITA,12F,Closed,Rat,smallrodent
ITA,12F,Closed,Rat,smallrodent
ITA,14A,open,Pecari tajacu,ungulate
ITA,14A,open,Pecari tajacu,ungulate
ITA,14A,open,Pecari tajacu,ungulate
ITA,14A,open,Pecari tajacu,ungulate
ITA,14A,open,Pecari tajacu,ungulate
ITA,14A,open,Euphractus sexcinctus,insetivore
ITA,14A,open,Pecari tajacu,ungulate
ITA,14A,Open,Tayassu pecari,ungulate
ITA,14A,Open,Tayassu pecari,ungulate
ITA,14A,Open,Tayassu pecari,ungulate
ITA,14A,Open,Rat,smallrodent
ITA,14A,Open,Tayassu pecari,ungulate
ITA,14A,Open,Tayassu pecari,ungulate
ITA,14A,Open,Rat,smallrodent
ITA,14A,Open,Rat,smallrodent
ITA,14A,Open,Tayassu pecari,ungulate
ITA,14A,Open,Tayassu pecari,ungulate
ITA,14F,Closed,Rat,smallrodent
ITA,14F,Closed,Rat,smallrodent
ITA,14F,Closed,Rat,smallrodent
ITA,14F,Closed,Rat,smallrodent
ITA,14F,Closed,Rat,smallrodent
ITA,15A,open,Leopardus wiedii,mesopredator
ITA,15A,Open,Tayassu pecari,ungulate
ITA,15A,Open,Tayassu pecari,ungulate
ITA,15A,Open,Tayassu pecari,ungulate
ITA,15A,Open,Tayassu pecari,ungulate
ITA,15A,Open,Tayassu pecari,ungulate
ITA,15A,Open,Tayassu pecari,ungulate
ITA,15A,Open,Tayassu pecari,ungulate
ITA,15A,Open,Tayassu pecari,ungulate
ITA,15A,Open,Tayassu pecari,ungulate
ITA,15A,Open,Tayassu pecari,ungulate
ITA,15A,Open,Tayassu pecari,ungulate
ITA,15A,Open,Tayassu pecari,ungulate
ITA,15A,open,Sciurus ingrami,smallrodent
ITA,15A,Open,Tayassu pecari,ungulate
ITA,15A,Open,Tayassu pecari,ungulate
ITA,15A,Open,Tayassu pecari,ungulate
ITA,15A,Open,Tayassu pecari,ungulate
ITA,15A,Open,Tayassu pecari,ungulate
ITA,15A,Open,Tayassu pecari,ungulate
ITA,15A,Open,Tayassu pecari,ungulate
ITA,15A,Open,Tayassu pecari,ungulate
ITA,1A,open,Tayassu pecari,ungulate
ITA,1A,open,Tayassu pecari,ungulate
ITA,1A,open,Tayassu pecari,ungulate
ITA,1A,open,Tayassu pecari,ungulate
ITA,1A,open,Tayassu pecari,ungulate
ITA,1A,open,Tayassu pecari,ungulate
ITA,1A,open,Tayassu pecari,ungulate
ITA,1A,open,Tayassu pecari,ungulate
ITA,1A,open,Tayassu pecari,ungulate
ITA,1A,open,Tayassu pecari,ungulate
ITA,1A,open,Tayassu pecari,ungulate
ITA,1A,open,Tayassu pecari,ungulate
ITA,1A,open,Tayassu pecari,ungulate
ITA,1A,open,Tayassu pecari,ungulate
ITA,1F,Closed,Sciurus ingrami,smallrodent
ITA,2A,Open,Didelphis aurita,marsupial
ITA,2A,Open,Tayassu pecari,ungulate
ITA,2A,Open,Tayassu pecari,ungulate
ITA,2A,Open,Tayassu pecari,ungulate
ITA,4A,open,Tayassu pecari,ungulate
ITA,4A,open,Tayassu pecari,ungulate
ITA,4A,open,Tayassu pecari,ungulate
ITA,4A,open,Tayassu pecari,ungulate
ITA,4A,open,Tayassu pecari,ungulate
ITA,4A,open,Tayassu pecari,ungulate
ITA,4A,open,Tayassu pecari,ungulate
ITA,4A,open,Tayassu pecari,ungulate
ITA,4A,open,Tayassu pecari,ungulate
ITA,4A,open,Tayassu pecari,ungulate
ITA,4A,open,Tayassu pecari,ungulate
ITA,4A,open,Tayassu pecari,ungulate
ITA,4A,open,Tayassu pecari,ungulate
ITA,4A,open,Tayassu pecari,ungulate
ITA,4A,open,Tayassu pecari,ungulate
ITA,4A,open,Tayassu pecari,ungulate
ITA,4A,open,Tayassu pecari,ungulate
ITA,4A,open,Tayassu pecari,ungulate
ITA,4A,open,Tayassu pecari,ungulate
ITA,4A,open,Tayassu pecari,ungulate
ITA,4A,open,Tayassu pecari,ungulate
ITA,4A,open,Tayassu pecari,ungulate
ITA,4A,open,Tayassu pecari,ungulate
ITA,4A,open,Tayassu pecari,ungulate
ITA,4A,open,Tayassu pecari,ungulate
ITA,4A,open,Tayassu pecari,ungulate
ITA,4A,open,Tayassu pecari,ungulate
ITA,4A,open,Tayassu pecari,ungulate
ITA,4A,open,Tayassu pecari,ungulate
ITA,4A,open,Tayassu pecari,ungulate
ITA,4A,open,Cuniculus paca,largerodent
ITA,4A,open,Cuniculus paca,largerodent
ITA,4A,open,Tayassu pecari,ungulate
ITA,4A,open,Tayassu pecari,ungulate
ITA,4A,open,Tayassu pecari,ungulate
ITA,4A,open,Tayassu pecari,ungulate
ITA,4A,open,Tayassu pecari,ungulate
ITA,4A,open,Tayassu pecari,ungulate
ITA,4A,open,Tayassu pecari,ungulate
ITA,4A,open,Tayassu pecari,ungulate
ITA,4A,open,Tayassu pecari,ungulate
ITA,4A,open,Tayassu pecari,ungulate
ITA,4A,open,Tayassu pecari,ungulate
ITA,4A,open,Tayassu pecari,ungulate
ITA,4A,open,Tayassu pecari,ungulate
ITA,4A,open,Tayassu pecari,ungulate
ITA,4A,open,Tayassu pecari,ungulate
ITA,4A,open,Tayassu pecari,ungulate
ITA,4A,open,Tayassu pecari,ungulate
ITA,4A,open,Tayassu pecari,ungulate
ITA,4A,open,Tayassu pecari,ungulate
ITA,4A,open,Tayassu pecari,ungulate
ITA,4A,open,Tayassu pecari,ungulate
ITA,4A,open,Tayassu pecari,ungulate
ITA,4A,open,Tayassu pecari,ungulate
ITA,4A,open,Tayassu pecari,ungulate
ITA,4A,open,Tayassu pecari,ungulate
ITA,4A,open,Tayassu pecari,ungulate
ITA,4A,open,Tayassu pecari,ungulate
ITA,4A,open,Tayassu pecari,ungulate
ITA,4A,open,Tayassu pecari,ungulate
ITA,4A,open,Tayassu pecari,ungulate
ITA,4A,open,Tayassu pecari,ungulate
ITA,4A,open,Tayassu pecari,ungulate
ITA,4A,open,Tayassu pecari,ungulate
ITA,4A,open,Tayassu pecari,ungulate
ITA,4A,open,Tayassu pecari,ungulate
ITA,4A,open,Tayassu pecari,ungulate
ITA,4A,open,Tayassu pecari,ungulate
ITA,4A,open,Tayassu pecari,ungulate
ITA,4A,open,Tayassu pecari,ungulate
ITA,4A,open,Tayassu pecari,ungulate
ITA,4A,open,Tayassu pecari,ungulate
ITA,4A,open,Tayassu pecari,ungulate
ITA,4A,open,Tayassu pecari,ungulate
ITA,4A,open,Tayassu pecari,ungulate
ITA,4A,open,Tayassu pecari,ungulate
ITA,4A,open,Tayassu pecari,ungulate
ITA,4A,open,Tayassu pecari,ungulate
ITA,4A,open,Tayassu pecari,ungulate
ITA,4A,open,Tayassu pecari,ungulate
ITA,4A,open,Tayassu pecari,ungulate
ITA,4A,open,Tayassu pecari,ungulate
ITA,4A,open,Tayassu pecari,ungulate
ITA,4A,open,Tayassu pecari,ungulate
ITA,4A,open,Tayassu pecari,ungulate
ITA,4A,open,Cuniculus paca,largerodent
ITA,4A,open,Cuniculus paca,largerodent
ITA,4A,open,Cuniculus paca,largerodent
ITA,4A,open,Cuniculus paca,largerodent
ITA,4A,open,Cuniculus paca,largerodent
ITA,4A,open,Cuniculus paca,largerodent
ITA,4A,open,Cuniculus paca,largerodent
ITA,4A,open,Tayassu pecari,ungulate
ITA,4A,open,Cuniculus paca,largerodent
ITA,4A,open,Cuniculus paca,largerodent
ITA,4A,open,Cuniculus paca,largerodent
ITA,4A,open,Tayassu pecari,ungulate
ITA,4A,open,Tayassu pecari,ungulate
ITA,4A,open,Tayassu pecari,ungulate
ITA,4A,open,Tayassu pecari,ungulate
ITA,4A,open,Tayassu pecari,ungulate
ITA,4A,open,Tayassu pecari,ungulate
ITA,4A,open,Tayassu pecari,ungulate
ITA,4A,open,Cuniculus paca,largerodent
ITA,4A,open,Cuniculus paca,largerodent
ITA,4A,open,Cuniculus paca,largerodent
ITA,4A,open,Cuniculus paca,largerodent
ITA,4A,open,Cuniculus paca,largerodent
ITA,4A,open,Cuniculus paca,largerodent
ITA,4A,open,Cuniculus paca,largerodent
ITA,4A,open,Tayassu pecari,ungulate
ITA,4A,open,Tayassu pecari,ungulate
ITA,4A,open,Tayassu pecari,ungulate
ITA,4A,open,Tayassu pecari,ungulate
ITA,4A,open,Tayassu pecari,ungulate
ITA,4A,open,Tayassu pecari,ungulate
ITA,4A,open,Tayassu pecari,ungulate
ITA,4A,open,Tayassu pecari,ungulate
ITA,4A,open,Tayassu pecari,ungulate
ITA,4A,open,Tayassu pecari,ungulate
ITA,4A,open,Tayassu pecari,ungulate
ITA,4A,open,Tayassu pecari,ungulate
ITA,4A,open,Tayassu pecari,ungulate
ITA,4A,open,Tayassu pecari,ungulate
ITA,4A,open,Tayassu pecari,ungulate
ITA,4A,open,Tayassu pecari,ungulate
ITA,4A,open,Tayassu pecari,ungulate
ITA,4A,open,Tayassu pecari,ungulate
ITA,4A,open,Tayassu pecari,ungulate
ITA,4A,open,Tayassu pecari,ungulate
ITA,4A,open,Cuniculus paca,largerodent
ITA,4A,open,Tayassu pecari,ungulate
ITA,4A,open,Cuniculus paca,largerodent
ITA,4A,open,Tayassu pecari,ungulate
ITA,4A,open,Tayassu pecari,ungulate
ITA,4A,open,Tayassu pecari,ungulate
ITA,4A,open,Tayassu pecari,ungulate
ITA,4A,open,Tayassu pecari,ungulate
ITA,4A,open,Tayassu pecari,ungulate
ITA,4A,open,Tayassu pecari,ungulate
ITA,4A,open,Cuniculus paca,largerodent
ITA,4A,open,Tayassu pecari,ungulate
ITA,4A,open,Tayassu pecari,ungulate
ITA,4A,open,Tayassu pecari,ungulate
ITA,4A,open,Tayassu pecari,ungulate
ITA,4A,open,Tayassu pecari,ungulate
ITA,4A,open,Tayassu pecari,ungulate
ITA,4A,open,Tayassu pecari,ungulate
ITA,4A,open,Tayassu pecari,ungulate
ITA,4A,open,Tayassu pecari,ungulate
ITA,4A,open,Tayassu pecari,ungulate
ITA,4A,open,Tayassu pecari,ungulate
ITA,4A,open,Tayassu pecari,ungulate
ITA,4A,open,Tayassu pecari,ungulate
ITA,4A,open,Tayassu pecari,ungulate
ITA,4A,open,Tayassu pecari,ungulate
ITA,4A,open,Tayassu pecari,ungulate
ITA,4A,open,Tayassu pecari,ungulate
ITA,4A,open,Tayassu pecari,ungulate
ITA,4A,open,Tayassu pecari,ungulate
ITA,4A,open,Cuniculus paca,largerodent
ITA,4A,open,Cuniculus paca,largerodent
ITA,6A,open,Tayassu pecari,ungulate
ITA,6A,open,Tayassu pecari,ungulate
ITA,6A,open,Tayassu pecari,ungulate
ITA,6A,open,Tayassu pecari,ungulate
ITA,6A,open,Tayassu pecari,ungulate
ITA,6A,open,Tayassu pecari,ungulate
ITA,6A,open,Tayassu pecari,ungulate
ITA,6A,open,tayassu pecari,ungulate
ITA,6A,open,Tayassu pecari,ungulate
ITA,6A,open,Tayassu pecari,ungulate
ITA,6A,open,Tayassu pecari,ungulate
ITA,6A,open,Tayassu pecari,ungulate
ITA,6A,open,Tayassu pecari,ungulate
ITA,6A,open,Tayassu pecari,ungulate
ITA,6A,open,Tayassu pecari,ungulate
ITA,6A,open,Tayassu pecari,ungulate
ITA,6A,open,Tayassu pecari,ungulate
ITA,6A,open,Tayassu pecari,ungulate
ITA,6A,open,Tayassu pecari,ungulate
ITA,6A,open,Tayassu pecari,ungulate
ITA,6A,open,Tayassu pecari,ungulate
ITA,6A,open,Tayassu pecari,ungulate
ITA,6A,open,Tayassu pecari,ungulate
ITA,6A,open,Tayassu pecari,ungulate
ITA,6A,open,Tayassu pecari,ungulate
ITA,6A,open,Tayassu pecari,ungulate
ITA,6A,open,Tayassu pecari,ungulate
ITA,6A,open,Tayassu pecari,ungulate
ITA,6A,open,Tayassu pecari,ungulate
ITA,6A,open,Tayassu pecari,ungulate
ITA,6A,open,Tayassu pecari,ungulate
ITA,6A,open,Tayassu pecari,ungulate
ITA,6A,open,Tayassu pecari,ungulate
ITA,6A,open,Tayassu pecari,ungulate
ITA,6A,open,Tayassu pecari,ungulate
ITA,6A,open,Tayassu pecari,ungulate
ITA,6A,open,Tayassu pecari,ungulate
ITA,6A,open,Tayassu pecari,ungulate
ITA,6A,open,Tayassu pecari,ungulate
ITA,6A,open,Tayassu pecari,ungulate
ITA,6A,open,Tayassu pecari,ungulate
ITA,6A,open,Tayassu pecari,ungulate
ITA,6A,open,Tayassu pecari,ungulate
ITA,6A,open,Tayassu pecari,ungulate
ITA,6A,open,Tayassu pecari,ungulate
ITA,6A,open,Tayassu pecari,ungulate
ITA,6A,open,Tayassu pecari,ungulate
ITA,6A,open,Tayassu pecari,ungulate
ITA,6A,open,Tayassu pecari,ungulate
ITA,6A,open,Tayassu pecari,ungulate
ITA,6A,open,Tayassu pecari,ungulate
ITA,6A,open,Tayassu pecari,ungulate
ITA,6A,open,Tayassu pecari,ungulate
ITA,6A,open,Tayassu pecari,ungulate
ITA,6A,open,Tayassu pecari,ungulate
ITA,6A,open,Tayassu pecari,ungulate
ITA,6A,open,Tayassu pecari,ungulate
ITA,6A,open,Tayassu pecari,ungulate
ITA,6A,open,Tayassu pecari,ungulate
ITA,6A,open,Tayassu pecari,ungulate
ITA,6A,open,Tayassu pecari,ungulate
ITA,6A,open,Tayassu pecari,ungulate
ITA,6A,open,Tayassu pecari,ungulate
ITA,6A,open,Tayassu pecari,ungulate
ITA,6A,open,Tayassu pecari,ungulate
ITA,6A,open,Tayassu pecari,ungulate
ITA,6A,open,Tayassu pecari,ungulate
ITA,P1,Closed,Rat,Rodent
ITA,P1,Closed,Rat,Rodent
ITA,P1,Closed,Rat,Rodent
ITA,P2,Open,Rat,Rodent
ITA,P2,Open,Rat,Rodent
ITA,P2,Open,Sciurus ingrami,Rodent
ITA,P2,Open,Rat,Rodent
ITA,P2,Open,Rat,Rodent
ITA,P2,Open,Tayassu pecari,Ungulate
ITA,P2,Open,Tayassu pecari,Ungulate
ITA,P2,Open,Tayassu pecari,Ungulate
ITA,P2,Open,Tayassu pecari,Ungulate
ITA,P2,Open,Tayassu pecari,Ungulate
ITA,P2,Open,Rat,Rodent
ITA,P2,Open,Rat,Rodent
ITA,P2,Open,Sciurus ingrami,Rodent
ITA,P2,Open,Sciurus ingrami,Rodent
ITA,P2,Open,Tayassu pecari,Ungulate
ITA,P2,Open,Tayassu pecari,Ungulate
ITA,P2,Open,Tayassu pecari,Ungulate
ITA,P2,Open,Tayassu pecari,Ungulate
ITA,P2,Open,Tayassu pecari,Ungulate
ITA,P2,Open,Tayassu pecari,Ungulate
ITA,P2,Open,Tayassu pecari,Ungulate
ITA,P2,Open,Tayassu pecari,Ungulate
ITA,P2,Open,Tayassu pecari,Ungulate
ITA,P2,Open,Tayassu pecari,Ungulate
ITA,P2,Open,Tayassu pecari,Ungulate
ITA,P2,Open,Tayassu pecari,Ungulate
ITA,P2,Open,Tayassu pecari,Ungulate
ITA,P2,Open,Tayassu pecari,Ungulate
ITA,P2,Open,Tayassu pecari,Ungulate
ITA,P2,Open,Tayassu pecari,Ungulate
ITA,P2,Open,Tayassu pecari,Ungulate
ITA,P2,Open,Tayassu pecari,Ungulate
ITA,P2,Open,Rat,Rodent
ITA,P2,Open,Rat,Rodent
ITA,P2,Open,Rat,Rodent
ITA,P2,Open,Rat,Rodent
ITA,P2,Open,Rat,Rodent
ITA,P2,Open,Rat,Rodent
ITA,P2,Open,Rat,Rodent
ITA,P2,Open,Rat,Rodent
ITA,P2,Open,Rat,Rodent
ITA,P2,Open,Rat,Rodent
ITA,P2,Open,Rat,Rodent
ITA,P12,Closed,Rat,Rodent
ITA,P12,Closed,Rat,Rodent
ITA,P12,Closed,Rat,Rodent
ITA,P12,Closed,Rat,Rodent
ITA,P12,Closed,Rat,Rodent
ITA,P12,Closed,Rat,Rodent
ITA,P12,Closed,Rat,Rodent
ITA,P12,Closed,Rat,Rodent
ITA,P12,Closed,Rat,Rodent
ITA,P12,Closed,Rat,Rodent
ITA,P12,Closed,Rat,Rodent
ITA,P12,Closed,Rat,Rodent
ITA,P12,Closed,Rat,Rodent
ITA,P12,Closed,Rat,Rodent
ITA,P12,Closed,Rat,Rodent
ITA,P12,Closed,Rat,Rodent
ITA,P12,Closed,Rat,Rodent
ITA,P12,Closed,Rat,Rodent
ITA,P12,Closed,Rat,Rodent
ITA,P12,Closed,Rat,Rodent
ITA,P12,Closed,Rat,Rodent
ITA,P12,Closed,Rat,Rodent
ITA,P12,Closed,Rat,Rodent
ITA,P12,Closed,Rat,Rodent
ITA,P12,Closed,Rat,Rodent
ITA,P12,Closed,Rat,Rodent
ITA,P12,Closed,Rat,Rodent
ITA,P12,Closed,Rat,Rodent
ITA,P12,Closed,Rat,Rodent
ITA,P12,Closed,Rat,Rodent
ITA,P12,Closed,Rat,Rodent
ITA,P12,Closed,Rat,Rodent
ITA,P12,Closed,Rat,Rodent
ITA,P14,Closed,Rat,Rodent
ITA,P14,Closed,Rat,Rodent
ITA,P14,Closed,Rat,Rodent
ITA,P14,Closed,Rat,Rodent
ITA,P14,Closed,Rat,Rodent
ITA,P14,Closed,Rat,Rodent
ITA,P14,Closed,Rat,Rodent
ITA,P14,Closed,Rat,Rodent
ITA,P14,Closed,Rat,Rodent
ITA,P14,Closed,Rat,Rodent
ITA,P14,Closed,Rat,Rodent
ITA,P14,Closed,Rat,Rodent
ITA,P14,Closed,Rat,Rodent
ITA,P14,Closed,Rat,Rodent
ITA,P14,Closed,Rat,Rodent
ITA,P14,Closed,Rat,Rodent
ITA,P14,Closed,Rat,Rodent
ITA,P14,Closed,Rat,Rodent
ITA,P14,Closed,Rat,Rodent
ITA,P14,Closed,Rat,Rodent
ITA,P14,Closed,Rat,Rodent
ITA,P14,Closed,Rat,Rodent
ITA,P14,Closed,Rat,Rodent
ITA,P14,Closed,Rat,Rodent
ITA,P14,Closed,Rat,Rodent
ITA,P14,Closed,Rat,Rodent
ITA,P14,Closed,Rat,Rodent
ITA,P14,Closed,Rat,Rodent
ITA,P14,Closed,Rat,Rodent
ITA,P14,Closed,Rat,Rodent
ITA,P14,Closed,Rat,Rodent
ITA,P14,Closed,Rat,Rodent
ITA,P14,Closed,Rat,Rodent
ITA,P14,Closed,Rat,Rodent
ITA,P14,Closed,Rat,Rodent
ITA,P14,Closed,Rat,Rodent
ITA,P14,Closed,Rat,Rodent
ITA,P14,Closed,Rat,Rodent
ITA,P14,Closed,Rat,Rodent
ITA,P14,Closed,Rat,Rodent
ITA,P14,Closed,Rat,Rodent
ITA,P14,Closed,Rat,Rodent
ITA,P14,Closed,Rat,Rodent
ITA,P14,Closed,Rat,Rodent
ITA,P14,Closed,Rat,Rodent
ITA,P14,Closed,Rat,Rodent
ITA,P14,Closed,Rat,Rodent
ITA,P14,Closed,Rat,Rodent
ITA,P14,Closed,Rat,Rodent
ITA,P14,Closed,Rat,Rodent
ITA,P14,Closed,Rat,Rodent
ITA,P14,Closed,Rat,Rodent
ITA,P14,Closed,Rat,Rodent
ITA,P14,Closed,Rat,Rodent
ITA,P14,Closed,Rat,Rodent
ITA,P14,Closed,Rat,Rodent
ITA,P14,Closed,Rat,Rodent
ITA,P14,Closed,Rat,Rodent
ITA,P14,Closed,Rat,Rodent
ITA,P14,Closed,Rat,Rodent
ITA,P14,Closed,Rat,Rodent
ITA,P14,Closed,Rat,Rodent
ITA,P14,Closed,Rat,Rodent
ITA,P14,Closed,Rat,Rodent
ITA,P14,Closed,Rat,Rodent
ITA,P14,Closed,Rat,Rodent
ITA,P14,Closed,Rat,Rodent
ITA,P14,Closed,Rat,Rodent
ITA,P14,Closed,Rat,Rodent
ITA,P14,Closed,Rat,Rodent
ITA,P14,Closed,Rat,Rodent
ITA,P14,Closed,Rat,Rodent
ITA,P14,Closed,Rat,Rodent
ITA,P14,Open,Rat,Rodent
ITA,P14,Open,Rat,Rodent
ITA,P14,Open,Tayassu pecari,Ungulate
ITA,P14,Open,Tayassu pecari,Ungulate
ITA,P14,Open,Tayassu pecari,Ungulate
ITA,P14,Open,Tayassu pecari,Ungulate
ITA,P14,Open,Tayassu pecari,Ungulate
ITA,P14,Open,Tayassu pecari,Ungulate
ITA,P14,Open,Tayassu pecari,Ungulate
ITA,P14,Open,Tayassu pecari,Ungulate
ITA,P14,Open,Tayassu pecari,Ungulate
ITA,P14,Open,Tayassu pecari,Ungulate
ITA,P14,Open,Tayassu pecari,Ungulate
ITA,P14,Open,Tayassu pecari,Ungulate
ITA,P14,Open,Tayassu pecari,Ungulate
ITA,P14,Open,Tayassu pecari,Ungulate
ITA,P14,Open,Tayassu pecari,Ungulate
ITA,P14,Open,Tayassu pecari,Ungulate
ITA,P15,Closed,Rat,Rodent
ITA,P15,Closed,Rat,Rodent
ITA,P15,Closed,Rat,Rodent
ITA,P15,Closed,Rat,Rodent
ITA,P15,Closed,Rat,Rodent
ITA,P15,Closed,Rat,Rodent
ITA,P15,Closed,Rat,Rodent
ITA,P15,Closed,Rat,Rodent
ITA,P15,Closed,Rat,Rodent
ITA,P15,Closed,Rat,Rodent
ITA,P15,Closed,Rat,Rodent
ITA,P15,Closed,Rat,Rodent
ITA,P15,Closed,Rat,Rodent
ITA,P15,Closed,Rat,Rodent
ITA,P15,Closed,Rat,Rodent
ITA,P15,Closed,Rat,Rodent
ITA,P15,Closed,Rat,Rodent
ITA,P15,Closed,Rat,Rodent
ITA,P15,Closed,Rat,Rodent
ITA,P15,Closed,Rat,Rodent
ITA,P15,Closed,Rat,Rodent
ITA,P15,Closed,Rat,Rodent
ITA,P15,Closed,Rat,Rodent
ITA,P15,Closed,Rat,Rodent
ITA,P15,Closed,Rat,Rodent
ITA,P15,Closed,Rat,Rodent
ITA,P15,Closed,Rat,Rodent
ITA,P15,Closed,Rat,Rodent
ITA,P15,Closed,Rat,Rodent
ITA,P15,Closed,Rat,Rodent
ITA,P15,Closed,Rat,Rodent
ITA,P15,Closed,Rat,Rodent
ITA,P15,Closed,Rat,Rodent
ITA,P15,Closed,Rat,Rodent
ITA,P8,Open,Sciurus ingrami,Rodent
ITA,P8,Open,Sciurus ingrami,Rodent
ITA,P1,Open,Sciurus ingrami,Rodent
ITA,P1,Open,Sciurus ingrami,Rodent
ITA,P1,Open,Rat,Rodent
ITA,P1,Open,Sciurus ingrami,Rodent
ITA,P1,Open,Sciurus ingrami,Rodent
ITA,P1,Open,Sciurus ingrami,Rodent
ITA,P1,Open,Rat,Rodent
ITA,P1,Open,Rat,Rodent
ITA,P1,Open,Rat,Rodent
ITA,P1,Open,Rat,Rodent
ITA,P1,Open,Rat,Rodent
ITA,P1,Open,Rat,Rodent
ITA,P1,Open,Rat,Rodent
ITA,P10,Open,Rat,Rodent
ITA,P10,Open,Rat,Rodent
ITA,P10,Open,Rat,Rodent
ITA,P10,Open,Rat,Rodent
ITA,P10,Open,Rat,Rodent
ITA,P10,Open,Rat,Rodent
ITA,P10,Open,Rat,Rodent
ITA,P10,Open,Rat,Rodent
ITA,P10,Open,Rat,Rodent
ITA,P10,Open,Sciurus ingrami,Rodent
ITA,P10,Open,Rat,Rodent
ITA,P10,Open,Rat,Rodent
ITA,P10,Open,Rat,Rodent
ITA,P10,Open,Rat,Rodent
ITA,P10,Open,Rat,Rodent
ITA,P10,Open,Rat,Rodent
ITA,P10,Open,Rat,Rodent
ITA,P10,Open,Rat,Rodent
ITA,P10,Open,Rat,Rodent
ITA,P10,Open,Rat,Rodent
ITA,P10,Open,Rat,Rodent
ITA,P10,Open,Rat,Rodent
ITA,P10,Open,Rat,Rodent
ITA,P10,Open,Rat,Rodent
ITA,P10,Open,Rat,Rodent
ITA,P10,Open,Rat,Rodent
ITA,P10,Open,Rat,Rodent
ITA,P10,Open,Rat,Rodent
ITA,P10,Open,Rat,Rodent
ITA,P10,Open,Rat,Rodent
ITA,P10,Open,Rat,Rodent
ITA,P10,Open,Rat,Rodent
ITA,P10,Open,Rat,Rodent
ITA,P10,Open,Rat,Rodent
ITA,P10,Open,Rat,Rodent
ITA,P10,Open,Rat,Rodent
ITA,P10,Open,Rat,Rodent
ITA,P10,Open,Rat,Rodent
ITA,P10,Open,Rat,Rodent
ITA,P10,Open,Rat,Rodent
ITA,P10,Open,Rat,Rodent
ITA,P10,Open,Rat,Rodent
ITA,P10,Open,Rat,Rodent
ITA,P10,Open,Rat,Rodent
ITA,P10,Open,Rat,Rodent
ITA,P10,Open,Rat,Rodent
ITA,P10,Open,Rat,Rodent
ITA,P10,Open,Rat,Rodent
ITA,P10,Open,Rat,Rodent
ITA,P10,Open,Rat,Rodent
ITA,P10,Open,Rat,Rodent
ITA,P10,Open,Rat,Rodent
ITA,P10,Open,Rat,Rodent
ITA,P10,Open,Rat,Rodent
ITA,P10,Open,Rat,Rodent
ITA,P10,Open,Rat,Rodent
ITA,P10,Open,Rat,Rodent
ITA,P10,Open,Rat,Rodent
ITA,P10,Open,Tayassu pecari,Ungulate
ITA,P10,Open,Tayassu pecari,Ungulate
ITA,P10,Open,Tayassu pecari,Ungulate
ITA,P10,Open,Tayassu pecari,Ungulate
ITA,P10,Open,Tayassu pecari,Ungulate
ITA,P10,Open,Tayassu pecari,Ungulate
ITA,P10,Open,Tayassu pecari,Ungulate
ITA,P10,Open,Tayassu pecari,Ungulate
ITA,P10,Open,Tayassu pecari,Ungulate
ITA,P10,Open,Sciurus ingrami,Rodent
ITA,P10,Open,Tayassu pecari,Ungulate
ITA,P12,Open,Rat,Rodent
ITA,P12,Open,Rat,Rodent
ITA,P12,Open,Rat,Rodent
ITA,P12,Open,Rat,Rodent
ITA,P12,Open,Rat,Rodent
ITA,P12,Open,Rat,Rodent
ITA,P12,Open,Sciurus ingrami,Rodent
ITA,P12,Open,Rat,Rodent
ITA,P12,Open,Rat,Rodent
ITA,P12,Open,Rat,Rodent
ITA,P12,Open,Rat,Rodent
ITA,P12,Open,Tayassu pecari,Ungulate
ITA,P12,Open,Tayassu pecari,Ungulate
ITA,P12,Open,Tayassu pecari,Ungulate
ITA,P12,Open,Tayassu pecari,Ungulate
ITA,P12,Open,Tayassu pecari,Ungulate
ITA,P12,Open,Tayassu pecari,Ungulate
ITA,P12,Open,Tayassu pecari,Ungulate
ITA,P12,Open,Tayassu pecari,Ungulate
ITA,P12,Open,Rat,Rodent
ITA,P12,Open,Rat,Rodent
ITA,P12,Open,Rat,Rodent
ITA,P12,Open,Rat,Rodent
ITA,P12,Open,Rat,Rodent
ITA,P12,Open,Leopardus tigrinus,Feline
ITA,P12,Open,Rat,Rodent
ITA,P12,Open,Sciurus ingrami,Rodent
ITA,P12,Open,Rat,Rodent
ITA,P12,Open,Rat,Rodent
ITA,P12,Open,Sciurus ingrami,Rodent
ITA,P12,Open,Tayassu pecari,Ungulate
ITA,P12,Open,Tayassu pecari,Ungulate
ITA,P12,Open,Tayassu pecari,Ungulate
ITA,P12,Open,Tayassu pecari,Ungulate
ITA,P12,Open,Tayassu pecari,Ungulate
ITA,P12,Open,Tayassu pecari,Ungulate
ITA,P12,Open,Tayassu pecari,Ungulate
ITA,P12,Open,Tayassu pecari,Ungulate
ITA,P12,Open,Tayassu pecari,Ungulate
ITA,P12,Open,Tayassu pecari,Ungulate
ITA,P12,Open,Tayassu pecari,Ungulate
ITA,P12,Open,Tayassu pecari,Ungulate
ITA,P12,Open,Tayassu pecari,Ungulate
ITA,P12,Open,Tayassu pecari,Ungulate
ITA,P12,Open,Tayassu pecari,Ungulate
ITA,P12,Open,Tayassu pecari,Ungulate
ITA,P12,Open,Tayassu pecari,Ungulate
ITA,P12,Open,Tayassu pecari,Ungulate
ITA,P12,Open,Tayassu pecari,Ungulate
ITA,P12,Open,Tayassu pecari,Ungulate
ITA,P12,Open,Tayassu pecari,Ungulate
ITA,P12,Open,Tayassu pecari,Ungulate
ITA,P12,Open,Tayassu pecari,Ungulate
ITA,P12,Open,Tayassu pecari,Ungulate
ITA,P12,Open,Tayassu pecari,Ungulate
ITA,P12,Open,Tayassu pecari,Ungulate
ITA,P12,Open,Tayassu pecari,Ungulate
ITA,P12,Open,Tayassu pecari,Ungulate
ITA,P12,Open,Tayassu pecari,Ungulate
ITA,P12,Open,Tayassu pecari,Ungulate
ITA,P12,Open,Tayassu pecari,Ungulate
ITA,P12,Open,Tayassu pecari,Ungulate
ITA,P12,Open,Tayassu pecari,Ungulate
ITA,P12,Open,Tayassu pecari,Ungulate
ITA,P12,Open,Tayassu pecari,Ungulate
ITA,P12,Open,Tayassu pecari,Ungulate
ITA,P12,Open,Tayassu pecari,Ungulate
ITA,P12,Open,Tayassu pecari,Ungulate
ITA,P12,Open,Tayassu pecari,Ungulate
ITA,P12,Open,Tayassu pecari,Ungulate
ITA,P12,Open,Tayassu pecari,Ungulate
ITA,P12,Open,Tayassu pecari,Ungulate
ITA,P12,Open,Tayassu pecari,Ungulate
ITA,P12,Open,Tayassu pecari,Ungulate
ITA,P12,Open,Tayassu pecari,Ungulate
ITA,P12,Open,Tayassu pecari,Ungulate
ITA,P12,Open,Tayassu pecari,Ungulate
ITA,P12,Open,Tayassu pecari,Ungulate
ITA,P8,Closed,Sciurus ingrami,Rodent
ITA,P8,Closed,Rat,Rodent
ITA,P8,Closed,Rat,Rodent
ITA,P8,Closed,Sciurus ingrami,Rodent
ITA,P8,Closed,Rat,Rodent
ITA,P8,Closed,Rat,Rodent
ITA,P8,Closed,Rat,Rodent
ITA,P8,Closed,Rat,Rodent
ITA,P8,Closed,Rat,Rodent
ITA,P8,Closed,Sciurus ingrami,Rodent
ITA,P8,Closed,Rat,Rodent
ITA,P8,Closed,Rat,Rodent
ITA,P8,Closed,Rat,Rodent
ITA,P8,Closed,Rat,Rodent
ITA,P8,Closed,Rat,Rodent
ITA,P8,Closed,Rat,Rodent
ITA,P8,Closed,Rat,Rodent
ITA,P8,Closed,Rat,Rodent
ITA,P8,Closed,Rat,Rodent
ITA,P8,Closed,Rat,Rodent
ITA,P8,Closed,Rat,Rodent
ITA,P8,Closed,Rat,Rodent
ITA,P8,Closed,Rat,Rodent
ITA,P8,Closed,Rat,Rodent
ITA,P8,Closed,Rat,Rodent
ITA,P8,Closed,Rat,Rodent
ITA,P8,Closed,Rat,Rodent
ITA,P8,Closed,Rat,Rodent
ITA,P8,Closed,Rat,Rodent
ITA,P8,Closed,Rat,Rodent
ITA,P8,Closed,Rat,Rodent
ITA,P8,Closed,Rat,Rodent
ITA,P8,Closed,Rat,Rodent
ITA,P8,Closed,Rat,Rodent
ITA,P8,Closed,Rat,Rodent
ITA,P8,Closed,Rat,Rodent
ITA,P8,Closed,Rat,Rodent
ITA,P8,Closed,Rat,Rodent
ITA,P8,Closed,Rat,Rodent
ITA,P8,Closed,Rat,Rodent
ITA,P8,Closed,Rat,Rodent
ITA,P8,Closed,Rat,Rodent
ITA,P8,Closed,Rat,Rodent
ITA,P8,Closed,Rat,Rodent
ITA,P8,Closed,Rat,Rodent
ITA,P4,Open,Tayassu pecari,Ungulate
ITA,P4,Open,Tayassu pecari,Ungulate
ITA,P4,Open,Tayassu pecari,Ungulate
ITA,P4,Open,Tayassu pecari,Ungulate
ITA,P4,Open,Tayassu pecari,Ungulate
ITA,P4,Open,Tayassu pecari,Ungulate
ITA,P4,Open,Tayassu pecari,Ungulate
ITA,P4,Open,Cuniculus paca,Rodent
ITA,P4,Open,Rat,Rodent
ITA,P4,Open,Tayassu pecari,Ungulate
ITA,P4,Open,Tayassu pecari,Ungulate
ITA,P4,Open,Tayassu pecari,Ungulate
ITA,P4,Open,Tayassu pecari,Ungulate
ITA,P4,Open,Tayassu pecari,Ungulate
ITA,P4,Open,Tayassu pecari,Ungulate
ITA,P4,Open,Tayassu pecari,Ungulate
ITA,P4,Open,Tayassu pecari,Ungulate
ITA,P4,Open,Tayassu pecari,Ungulate
ITA,P4,Open,Tayassu pecari,Ungulate
ITA,P4,Open,Tayassu pecari,Ungulate
ITA,P4,Open,Tayassu pecari,Ungulate
ITA,P4,Open,Tayassu pecari,Ungulate
ITA,P4,Open,Tayassu pecari,Ungulate
ITA,P4,Open,Tayassu pecari,Ungulate
ITA,P4,Open,Tayassu pecari,Ungulate
ITA,P4,Open,Rat,Rodent
ITA,P4,Open,Rat,Rodent
ITA,P4,Open,Rat,Rodent
ITA,P4,Open,Tayassu pecari,Ungulate
ITA,P4,Open,Tapirus terrestris,Ungulate
ITA,P4,Open,Tapirus terrestris,Ungulate
ITA,P4,Open,Tapirus terrestris,Ungulate
